,Actions_EU,Actions_US,Obligations_Souv,Credit_IG,Or
2019-01-02,0.002539995304446269,-0.0035777874961466067,0.0017377343324936016,0.0042545147536329885,-0.01213210648931962
2019-01-03,-0.014476222387942191,-0.010947913666917147,-0.00014774278200556696,-0.004441614329230907,-0.00922852790563131
2019-01-04,0.01070379268580363,0.01526165936721729,-0.00037295414953240235,0.0070298283023712705,0.0020635166812805446
2019-01-07,-0.010363434123301145,-0.00516895652376702,-0.002814937948188526,-0.0026662977174416037,-0.004263858468739817
2019-01-08,-0.0020960873307871012,-0.007685676672321411,0.004715593528827405,0.003562114920705316,-0.002055097854348979
2019-01-09,-0.0039928168856258,0.0014301543173363778,0.0017101932583135217,0.0023782410865663753,0.003101859234387946
2019-01-10,0.02970885120714388,0.02022232548030676,-0.004129842537954894,0.0008110107431420167,0.009577047713843406
2019-01-11,0.012348882768073942,0.008041936464122944,-0.0029531880462749824,-0.0021218161636551054,0.005594447642053399
2019-01-14,0.008886865233382961,0.010128376462190043,-0.0024374516739954074,0.0005131819169356494,2.891570714646152e-06
2019-01-15,0.0027511740569382825,0.008240392221648567,0.0005794790781957775,0.0032340626264360053,-0.0007006569754848171
2019-01-16,0.00546938238506867,0.011251688884369572,-0.007191538826551635,-0.006406698057135074,-0.006427988153251346
2019-01-17,-0.005526463421445244,-0.005616720705910555,0.004646433006629644,0.0006441415983195328,0.0077025969347281845
2019-01-18,-0.014072140843397685,-0.012230769133292158,0.0014647535089441807,-0.0010241116348114674,0.0029830024249564158
2019-01-21,0.005569128989082561,0.0026778522627796696,-0.0012685038804595289,0.0015104679330036207,-0.001556475710280648
2019-01-22,-0.010677944189310533,-0.013974936895504395,-0.0017142107216378793,-0.0031230943455565073,-0.00037201435421437576
2019-01-23,0.004489886820320726,0.0017381056304993216,7.244184120122725e-05,0.0018851079483085005,-0.0013348126681235655
2019-01-24,0.005522658880711787,-0.000829486464217303,-0.0015494879505820206,-0.0013258014741025237,-0.0074925804852338795
2019-01-25,0.003156541755904034,0.0006051277532759121,-0.0001173708589605332,0.001213624964805561,0.0015420033917402567
2019-01-28,0.005326696494352495,0.003587445332228657,-0.001248289220863042,1.663032160024594e-05,-0.008114595079944624
2019-01-29,-0.010921979327349129,-0.014755321815709235,-0.001588869823749692,-0.003443803365483024,-0.005741791792445103
2019-01-30,-0.003227468546792025,0.005756679384228648,-0.0007010916653062763,0.0006977025581782232,-0.007534682483940444
2019-01-31,-0.0017056374099818513,-0.007477505198723752,-0.0007755684284460923,0.0004929742179282737,-0.012660713231908814
2019-02-01,0.004470650879481492,0.005332314419683659,-0.001900849226476952,-0.003846513369705425,0.002882883412671579
2019-02-04,-0.002478860977383708,-0.0010667938560386502,0.00023725193754692197,0.0017251578052582615,-0.0026305285628175808
2019-02-05,-0.008091563517957793,-0.005401858572583919,0.0010740500359863472,0.0018717053769367383,0.0031006873700835003
2019-02-06,0.0026031099286138565,0.008900551364643391,-0.002371655687942091,-0.002212029602579645,-0.0049165273216508825
2019-02-07,-0.00212288623281216,-0.0076660706601171125,0.0013359333638357281,5.759202269503387e-05,-0.00602596157084368
2019-02-08,-0.005754656303745596,-0.0033890181741485616,0.0019068560650059969,0.0033897983423153743,0.011815121519762842
2019-02-11,0.0030316746802332207,-0.0022792518429646455,-0.004499019331700556,-0.0031740549143043084,-0.006151598598979834
2019-02-12,-0.0016660799475352712,-0.003342088900047345,-4.810869902162553e-05,0.000741335492123149,-0.000347848899608246
2019-02-13,-0.0007091740643013942,-0.005040971561942949,-0.003299168639284726,-0.004039517721565851,-0.0003395024840257975
2019-02-14,0.014288269689614991,0.012905561347591434,0.0018249549496554467,0.004470058886750338,-0.0060443070167444
2019-02-15,-0.00754444596791897,-0.010176763315332123,0.006069012699646782,0.0015299359458544532,0.008371282621636533
2019-02-18,-0.010855081916481855,-0.0005461258759990001,0.0026222359068223573,-0.0007397108797546721,-0.000522533855278973
2019-02-19,-0.004303329314652953,-0.001116390300167451,-0.0007460339425256397,-0.003523807465513185,-0.005728740922064272
2019-02-20,0.0013170410058346914,0.007747285280455608,0.0003115207432666732,0.0008095958177736921,0.0012956378241103799
2019-02-21,0.007956343453919754,0.0072748585584550595,-0.0013520891071227698,0.0026643262808378055,0.000853218893732379
2019-02-22,0.009839723257497955,0.008598764446583123,-0.0032068868074738703,-0.0023115504207287707,0.009093308378474224
2019-02-25,0.013606554012648334,0.009664248033375102,-0.0018791763593340488,0.004571057664779705,-0.008358496746038653
2019-02-26,-0.006777931149099492,-0.0016158966434026319,-0.00047680000168281344,-0.0017889220003627722,-0.001636684118604936
2019-02-27,0.0028570276337961846,0.009145006895510515,9.07885650037936e-05,0.002398802354515588,-0.012778670595896196
2019-02-28,-4.1742120823485434e-05,-0.0031692513536331944,-0.0020682816154102804,-0.003246706469877549,-0.0009606223027556114
2019-03-01,0.013306935309719728,-0.002494413626585354,-0.0006571414818211908,0.00021452301868256498,-0.0008883691941192843
2019-03-04,0.00917413670901683,0.009513738247106607,0.0029205759063858166,0.004618899427630248,-0.003188027750338868
2019-03-05,-0.0021778419710735855,0.00020093074373551034,0.0007337939532807772,-0.0025836289766297963,0.0028508406535676903
2019-03-06,0.0012676235221278785,0.008170087746941605,0.002439506231895329,0.0021096446700864173,8.603537805905739e-05
2019-03-07,-0.007506294192570993,-0.007557378286174785,0.0010230873462947984,0.0006101998081313824,-0.003963140431761642
2019-03-08,-0.005203577689938812,-0.015625821280352448,-3.176679725925252e-05,-0.004179148824363914,-0.0011296121814649345
2019-03-11,-0.009740501077760333,-0.008958917642631828,-0.005186631607643622,-0.01200005040467632,0.018535040091379518
2019-03-12,-0.013531137958767434,-0.019729891662796255,0.007321939754551713,0.014143941859237646,-0.01604708994129735
2019-03-13,-0.0019981603629950304,-8.174956583507117e-05,0.004067423199623826,0.0017778332422862038,0.000979306717869321
2019-03-14,0.010401783584367604,0.013625119326654214,-0.002665546280551588,0.0006894307658866774,-0.016798940462025028
2019-03-15,-0.001615834890339755,-0.002997696275133747,0.0008571581397060315,-0.0014344708365191278,0.005156483697650611
2019-03-18,0.006387383544500646,0.006488385766147467,0.00036793718944163527,0.0029234013460906257,0.0005267158718543813
2019-03-19,-0.007804619714029601,-0.004074706504067958,0.00024230459298382287,0.006348693840264,0.01120419540631542
2019-03-20,0.0031225195282265006,-0.0015596392892793856,-0.0030712650434997586,0.0005489955577539888,-0.0006137570140154326
2019-03-21,0.004186339705594624,-0.007141456221382406,0.0025082440695134065,0.0048744128988164005,-0.008089046390612553
2019-03-22,-0.0037074604859934543,-0.0014526725021583242,0.0004962974453342659,-0.0016230762934857535,-0.0004933212969283517
2019-03-25,-0.001938805700684091,-0.0005915603215591704,0.0048039947951650196,-0.0035640057445120534,0.0047509241106266495
2019-03-26,0.0011755304220174975,0.0022612266973737463,-0.000822069781544291,-0.0038881652436330645,0.0038570246753083636
2019-03-27,0.00802255542427303,0.0017194026414641453,0.0009516524787392779,0.0030218812500454398,0.0014443334508831957
2019-03-28,-0.007351083847976355,-0.007668021947884783,0.004163366797565524,0.003226485219161041,0.011925602829223579
2019-03-29,0.007395446990067234,0.008039762484295344,0.003602019491029258,0.00735064555428295,0.005964641079346338
2019-04-01,-0.0017580396548232454,-0.0010297545230685626,-0.0016523066634999697,0.0001728425199381644,-0.010013027149796981
2019-04-02,0.009907349510397304,0.006471756555873597,0.004986391224812011,0.012144222089127642,0.02360926766864654
2019-04-03,0.005709580937933024,-0.0035695051110935395,-0.0006195174342115426,-0.0029720273499949175,-0.0009756714742592524
2019-04-04,0.02091677115152994,0.02233425658292822,-0.005429562755567249,-0.0030591201533664886,0.004067109242371661
2019-04-05,-0.011515929851393231,-0.0134828645546336,0.0019317762010754719,0.0016897307392749108,0.003251883774342855
2019-04-08,-0.019439408776685277,-0.013616021274159744,0.0015805231063136397,-0.003102814687453904,0.010861315893582602
2019-04-09,-0.015926164540048676,-0.014709603327495348,0.002328773770850427,-0.005515943758321777,0.012028816649751372
2019-04-10,0.003639649628790926,0.007847304384635656,-0.0015789778256039607,0.0016196900416677487,0.005830942999599854
2019-04-11,0.001983184854473182,0.002744763499475854,0.0004981120277446073,-0.0006080837270876509,0.0006385930004723219
2019-04-12,-0.0016063810073040862,0.001965055347012419,0.003478677299284055,3.115918290980261e-05,0.002221052098332253
2019-04-15,0.009591775119597837,0.004206990082450765,-0.002035282490263688,0.0006349349001500478,0.0042940333071765785
2019-04-16,0.0003074137426517654,0.005550765525764443,0.001536061855305426,0.003294598272210614,0.0018713173273497124
2019-04-17,0.040998459497129575,0.028325888758709984,-0.012671391663603931,0.005497129585691809,-0.013116236552755943
2019-04-18,0.0026743673091177735,0.01794710830558255,-0.010999403361109383,-0.010992241908523754,-0.01952143121588656
2019-04-19,-0.009741799830638404,-0.003172733774670883,0.0032301888490353778,0.0010322115744104802,-0.012523108177471763
2019-04-22,-0.03294278618806925,-0.02136067930538269,3.847922356733032e-05,-0.005569587924676844,0.004269449967838294
2019-04-23,0.002457719022675298,0.008257623649870097,0.001005491755034974,0.0032218640326983666,-0.007819979304842723
2019-04-24,-0.002013133269319429,0.00023010702794778323,0.0032610557182661403,0.0010921745468402823,0.005291091212337106
2019-04-25,-0.002408858326799901,-0.0020352819037753956,0.002731359243251989,-0.002474035964071522,-0.0043220333807804994
2019-04-26,-0.024135541545143597,-0.03650482829535958,-0.0018770365510097497,-0.004753092309257818,-0.004859773921696175
2019-04-29,0.0021699810959319517,0.008925736458526897,0.0035456716079792223,0.0032591781463953305,0.00814353466183094
2019-04-30,0.0016938131061112315,-0.007638474439669576,-0.002743033300262239,-0.006630530039152914,-0.00494589163176451
2019-05-01,-0.0022558321004460874,0.0021952127379893382,0.0037004556228199177,0.0006318431376739566,0.003659572926292654
2019-05-02,-0.008297042529697159,-0.0037274061201977024,0.00024169548869700219,-0.00460053482157504,0.006385024932433356
2019-05-03,-0.00800982941212874,-0.011087522405945873,-0.0038040348477818542,-0.006988898189807496,0.00392382025202059
2019-05-06,-0.003011266531394507,0.0016358656549764804,0.00213918362968099,0.006796239837735085,-0.006721871811242224
2019-05-07,-0.01871759465723478,-0.005120062687478353,-7.923253893231432e-05,-0.0004846481909175192,-0.0004474464005667976
2019-05-08,-0.001619209236496345,0.0020741144450981334,0.007890528431836468,0.013929824968750053,-0.0018293828144891554
2019-05-09,0.0016891550540105672,0.007522268511826142,-0.0026069174039791325,-0.0006980875819594624,-0.001290991108165376
2019-05-10,0.006762690518104109,-0.006151133053224167,-0.01158384341087483,-0.023263314638672185,-0.008878379190629148
2019-05-13,-0.007641842634522232,-0.008801245273362854,0.015308071009047826,0.022466108565343423,-0.010727118551037954
2019-05-14,0.0031315847213698816,0.00020776890095792604,-0.0016503822668455432,0.00046052726003614395,0.0033230643555750995
2019-05-15,-0.003853945409112747,0.005655719816603688,-0.00729927869737821,-0.00876854127874819,0.019475883281275808
2019-05-16,0.0025642626081704453,0.01190965522471118,0.0003238326304274815,0.006479067117216973,-0.0022107303313328554
2019-05-17,-0.0009527894177889224,-0.004461364797742448,0.0019442654197962506,-0.0024192534826674647,0.005743390421047437
2019-05-20,0.007156305174743118,0.007444231224649287,-0.001845985037997389,0.0037871959468457513,-0.002204312321932654
2019-05-21,0.005779215617934412,-0.002935491797369011,-0.0017278649838201757,-0.006255415503892596,-0.00437735283532535
2019-05-22,0.00928586208064546,0.011581133414886884,-0.0036359969047941635,-0.003996524919768276,-0.014737384027411284
2019-05-23,-0.004444507711200469,0.011307173194064386,0.0025759212183191584,-0.00040072008426222716,0.003866605648243403
2019-05-24,-0.013206942263855265,-0.012878469746332923,0.0019618106428008087,-0.005211167587225088,0.00602331086168784
2019-05-27,0.0034769903643745506,0.007492906439495185,-0.0034349846420149125,0.0024335903035222163,0.010500818505103239
2019-05-28,-0.011387028131858727,-0.017260571069070193,0.009082679001634307,0.0023613179286300252,0.017340707974437805
2019-05-29,-0.004696226135322887,0.00848828102695301,0.0013460453520941918,0.0015935549143580262,0.015369677432686663
2019-05-30,-0.0019353488661440045,-0.006057929032231533,-0.001127839192440291,-0.0010655195950332777,-0.01067239966066342
2019-05-31,0.0064540667025820226,0.0016926656747716777,0.005136223050755115,-0.003057055353166439,1.3890667556566493e-06
2019-06-03,-0.019019128500877752,-0.02384141007475382,0.0035761991201465706,-0.0061681470817368435,-0.0026022347875050353
2019-06-04,-0.0007838064237686283,0.00039349244953873415,-0.0027577210090987867,-0.0010057520613811688,0.0021098089478326864
2019-06-05,0.0033160126554709984,0.0065157813581525415,0.0008241810395505241,0.008141376527434652,-0.003914183137376884
2019-06-06,-0.005445274788622877,-0.015845882699274356,-0.007964826884765354,-0.019559112344840642,-0.011167936011638256
2019-06-07,-0.00012889199540274608,0.0013905757845287278,0.00020930817628664078,-0.0018306385001833874,0.005291800169413493
2019-06-10,0.004053921954446884,0.0032209947694272502,-0.002007823594648534,0.0011129383544165449,0.00020983934501997003
2019-06-11,-0.01552731618082773,-0.015223273044543063,0.00301007239696443,-0.009447629551638685,0.003826250063683736
2019-06-12,-0.012174085812887592,-0.0018428994284796249,0.0057855555099243965,0.001036679212974816,0.0030226392285248784
2019-06-13,-0.028163630179224707,-0.03362119201739504,0.0010570695011527693,-0.017540274776762246,0.00817177667385728
2019-06-14,0.030119976559168874,0.012665636836420377,-0.006108558313522658,0.004051901932132707,0.015148427094844557
2019-06-17,-0.017482427139834163,-0.01025883377278619,0.008836399891221237,-0.0025771685261336895,-0.006191222691951934
2019-06-18,-0.0043675730408721716,-0.006439044059460286,0.0031837601102084013,0.002638625450040508,-0.010466174241427519
2019-06-19,0.005602838484306885,0.00032237403679942803,0.004009511182594171,0.003612545724507811,-0.0016310633295714672
2019-06-20,0.005849329873974167,0.009133711076483033,0.0012093374617836538,-0.0021195232549668266,0.00617045198399579
2019-06-21,-0.01237803375135438,-0.006932776171557038,-0.0048772938734139085,-0.007021152321324236,-0.008471993759643815
2019-06-24,-0.011872857542839918,-0.004036511088770614,0.001638364165798815,-0.0035056923848974094,0.008933288051925517
2019-06-25,-0.007197207014706942,-0.004457918772231068,0.002013376600046116,-0.0033161992322298926,0.006720877295947258
2019-06-26,-0.005247852675657766,-0.005978274589802399,0.004947263285624028,3.994763360713803e-05,-0.013069598500239393
2019-06-27,0.017216874446282796,0.02813385248147787,-0.002596196863428866,-0.0023876912168629707,0.0004156455605343185
2019-06-28,-0.003167069151024563,-0.003990837187665524,-0.003975232794161453,-0.0028604284697231687,0.0020154483267968626
2019-07-01,-0.014365113076050259,-0.0065208384725777575,0.007690079005552458,0.004054805907076762,-0.0015677818790722727
2019-07-02,-0.0029712469678771104,0.00712535987120511,-0.013695621127560694,-0.010712784437916236,-0.009362058003807584
2019-07-03,0.026335816166884345,0.018596227543122013,0.008794672408889747,0.00939690701607357,0.010811225391084565
2019-07-04,0.0034835948407475124,-0.002918650305187577,0.0005395363402818938,0.004575976926240234,-0.003116308830830739
2019-07-05,-0.01893978322948676,-0.013386665561208239,-0.0027129701581951175,-0.008579222530744057,-0.0012171681533037016
2019-07-08,-0.03347135677820999,-0.04200020171011306,0.006632569124011375,-0.008724049406902735,-0.025920786986996947
2019-07-09,0.011355031279962409,0.011678521880610625,-0.004193843744798035,-0.005131498658570087,0.009859843244019872
2019-07-10,0.005875456556720328,0.03132386727873695,0.001971232891388901,0.006216015425465376,-0.003381364146302178
2019-07-11,0.008152308257017252,0.012155852697160156,0.003643942343481713,0.004072061231992303,-0.000902110146792305
2019-07-12,-0.008602416779137895,0.00390935548597706,0.010214576710407514,0.004688197276430313,-0.0023963395749522303
2019-07-15,0.005796186200876681,0.0018072987164394637,0.006237346689153954,-0.004712105759064288,-0.0014741651737712525
2019-07-16,-0.008040698268678363,-0.026107683383292772,-0.0034559897751877625,-0.008282321178439345,0.000109216602594482
2019-07-17,0.013689292275577478,0.010743774643566182,-0.0061925565310780376,-0.001220286254747263,0.007738317672277941
2019-07-18,-0.011720321778495395,-0.02016146490384477,0.0038713143368853927,-0.0015452822747379876,0.005936285998490599
2019-07-19,0.00014895631824613228,0.004085599069380053,-0.0026950250777639318,-0.0017076807001304816,-0.0014102789435796576
2019-07-22,-0.010798470743158442,-0.0224146008230162,0.0035064335116436716,-0.001758486196363325,-0.004582101275701447
2019-07-23,-0.0009110408641567245,0.01110733185535398,-0.010818990381816903,-0.012108563176594584,-0.006483419696711789
2019-07-24,0.026669284326071116,0.03195806503152035,0.004067793240531184,0.0049018521503964955,-0.00788744171641996
2019-07-25,0.006228273183001111,0.00685611496617702,0.00250199851166217,0.0028569405999865414,0.003109385226476368
2019-07-26,0.0029634562978424436,0.014542489632764591,0.0054007327448270135,-0.002245067676661574,-0.01725488039394054
2019-07-29,0.014970258944925055,0.030590775471687235,-0.0074700833809745746,-0.008082680103120377,0.0041960116834044514
2019-07-30,0.013960997288190988,0.040128936500361936,0.0020851774041778753,0.004972903238869484,-0.007570154588395516
2019-07-31,0.00033458402358184543,-0.002309483168792071,-0.003441350815713816,0.00223593474249441,0.0065028814181814845
2019-08-01,0.01994265345570112,0.007084347553363969,0.004497547667734928,0.01110503714774773,0.005810810912857491
2019-08-02,0.01123783882177831,0.017704812481988227,0.0016748464297946818,0.006443834254808911,0.0016929483766157621
2019-08-05,-0.017346489303636484,-0.01819908588414098,-0.0006656566975023904,-0.009172694161660711,0.010850128230172144
2019-08-06,0.01792281144019963,0.0318485184435723,-0.00030472177607470405,0.00966281359654754,-0.0016131044930827818
2019-08-07,0.0035132758336564414,-0.01318446299966427,0.0018783978819230127,0.002414452770346851,-0.010776538836272356
2019-08-08,-0.0002323388832979752,-0.0009617834671386653,0.005386658408384585,0.00788166227289979,0.0001141288200582503
2019-08-09,0.004070026355186249,0.005181437708638989,-0.0013014010713729171,-0.005355080379136265,0.0010050526822433753
2019-08-12,-0.005076083837057621,-0.01421858454535537,0.0016602685856865437,0.0005672446110850484,-0.007741241243592497
2019-08-13,-0.0006930162087205401,0.006693502578368254,0.002853218219287616,0.005641466822842155,-0.0006563060201025518
2019-08-14,-0.005090522168136612,-0.012442436048247421,0.0011765309764560522,1.576947798272361e-05,0.005179955568558671
2019-08-15,0.010505851719288592,0.0106658575173235,-0.004703598110362976,-0.002563141429538489,0.001390116232693913
2019-08-16,-0.0017540009110472684,-0.007458944990062141,0.0010674850643153254,-0.001371556139866355,-0.0027552261418427298
2019-08-19,0.003433953741272425,-0.00021138788564030111,0.0006961347599727932,0.0024500784981023272,-0.007424818482444992
2019-08-20,-0.0021808655620254675,0.0046121949084398555,-0.0018462896627195477,-0.00555685607420226,-0.005342575541762563
2019-08-21,0.0004444107133202247,0.0007136943903997118,-0.00027142730797833823,0.002765954800040821,-0.014629776592463692
2019-08-22,0.0050495147420618275,0.023636533441071358,-0.005167855459484285,-0.004247256127005488,-0.008554501266863886
2019-08-23,-0.004726509558004904,-0.007582182836706823,0.0034758660659645283,0.005198247596573134,-0.0029632425071965925
2019-08-26,0.015870397484999087,0.01914392241087203,0.004439690094842472,0.009462815281604621,0.003238000270250485
2019-08-27,0.008511687976162589,0.08095170718337791,0.006534013168103243,0.008000523089636238,0.018395054807484837
2019-08-28,-0.0036025149836268287,-0.017373068457132684,0.004249335842202934,0.002733266878707737,0.0037791724630188424
2019-08-29,0.00032305643108328984,0.004230280992863442,0.0011121449882090465,-0.003024025518257277,0.006446118734211239
2019-08-30,-0.006519659594320051,-0.031778622062559235,0.0004471958062558141,-0.002271315321450543,-0.004250090355690355
2019-09-02,0.005594937936449029,-0.004569190011401659,-0.0014636699635396776,-0.0013157725890714375,0.0010663094834442183
2019-09-03,0.001727417888195195,-0.00646946064163023,0.0014607485382710447,0.0018248832696336514,-0.00817909618566685
2019-09-04,-0.026614774696849215,-0.054901330624976416,0.001016905981643932,-0.008677714455885539,-0.0015561800697925826
2019-09-05,0.0030156453136867202,0.023882991953953835,-0.004094203944499071,-0.007251184122121616,-0.008025893208506694
2019-09-06,0.0029026370994560515,0.02388381800438543,-0.001359173091032761,-0.007259203048633908,-0.007730853272271389
2019-09-09,-0.005345223325554584,-0.016474093844772778,-0.000457509434517539,-0.002382653568516761,-0.0017825253224923138
2019-09-10,0.013275226940531631,0.010844778844127882,-0.004080591304015514,0.0010327963614855456,-0.014900770749999905
2019-09-11,0.004146036206604951,0.008690123836527005,-0.0006630732208799267,0.0055148573370187625,-0.007900583657403155
2019-09-12,0.018327287879119115,0.028520807279103187,-0.004549791280205608,0.0006524111026243251,-0.007926320953938477
2019-09-13,-0.008977513457954773,-0.007629787451667933,0.0026149158800846685,-0.001682496540514391,0.010491498210181069
2019-09-16,0.01123628698749521,0.03604528771816073,0.0008633453848253274,0.008083969771769565,-0.015832609263251193
2019-09-17,-0.0029227667908286086,-0.017299217229531188,0.0005609093665652021,-0.002263661427157384,0.0002537071702627344
2019-09-18,0.020616736774973537,0.03126340195528279,0.00013103022057021292,0.00523008852608342,0.0026874305905245223
2019-09-19,0.00028718001449939127,0.005280182938517944,0.0023950832698544137,0.006624144050652446,0.00019729384890413944
2019-09-20,0.005099178110706104,-0.005051705257176668,-0.00040117816379929815,0.0027224808591724574,0.004439237554427836
2019-09-23,0.001819956118718458,0.011404535541185248,0.0008985413243390982,0.004471155105901456,0.00015761370756301116
2019-09-24,-0.0022565351893610677,-0.0003491476443285828,-0.005159915619334215,-0.006127300357351988,-0.021121548164566146
2019-09-25,-0.009638327643930565,-0.01099516732299038,0.0014579115509209793,-0.003230304331163315,-0.002552692798400587
2019-09-26,0.02046631781685822,0.020214394721893222,0.00844006349528922,0.01541121509321336,0.010281383035820588
2019-09-27,0.025948524393882535,0.03540310267797895,-0.00685683133108147,0.0002977100414057449,-0.0005583225221112571
2019-09-30,-0.012547873505604271,-0.017537477576744075,-0.00129428807588054,-0.0024400519282661067,-0.0019992714285452106
2019-10-01,-0.003448881071690555,-0.005512111672703354,0.0011253816001648063,0.002425288183881624,-0.00944547148372788
2019-10-02,-0.013339426529279929,-0.0007535985730558374,-0.0007335124019523928,-0.00894661234443131,0.0055712229420046165
2019-10-03,0.006622498925575736,-0.01331394697442715,0.0005667927531478548,0.004558790799810563,0.0031415299693534175
2019-10-04,0.005508342194521031,-0.005394140872729141,0.0005139538350116749,0.0008889081275122123,-0.0013228689783976975
2019-10-07,0.005453140084364037,0.014771042843292378,0.002754643100723014,0.0074860521848924095,-0.0009490209497886906
2019-10-08,0.002949406262402511,0.00922452197945519,0.000148111176872102,0.0016819392094391194,0.004004289830194566
2019-10-09,-0.00042075516760970214,-0.008592032094082333,-0.001243955868544631,0.0002063210592939842,-0.0010962925302485482
2019-10-10,0.0027207472357755505,0.00805200452690658,-0.0009006184198123172,0.0017433350593444596,0.0007134838770909408
2019-10-11,-0.017611752918573004,0.0008938338668572497,-0.0010081253401973162,-0.01302813095953256,-0.008176177465215912
2019-10-14,-0.02851538209989084,-0.027428488926916853,-0.0004403647931810197,-0.013407398756573175,0.01100797018331341
2019-10-15,0.0044716238871502665,0.007282857668066903,0.0009186134463388003,0.00560723767147666,-0.015088860319328675
2019-10-16,-0.007342219897178527,-0.04308254484731488,0.0005213355447896197,-0.0038572370566760674,0.015562697600729898
2019-10-17,0.015072448177577916,0.020159229992357287,-0.0019021361689074325,0.003655676317653405,-0.005809682462228366
2019-10-18,0.0002234767174166342,0.010699289704394125,-0.0011564040830143005,0.0012810663543233157,0.002688511587891151
2019-10-21,-0.005378583505048822,-0.0003728798027858411,0.0011382900933721908,0.000669967870435732,-0.003253458067058892
2019-10-22,-0.006122461597662126,-0.010948484808460548,0.0011641530817799587,-0.0023903996503165264,0.0037937444613240986
2019-10-23,-0.02250591988817045,-0.02933352720247651,0.001460438198422445,0.009167911551228865,-0.025561261543704927
2019-10-24,0.029269416983655202,0.034859953043983274,0.0004521816943651542,0.009836565331074817,0.008650848472412521
2019-10-25,-0.0022808513407044234,0.01935170986930813,-0.0010687444412783168,0.003395199074877473,-0.01204785611050725
2019-10-28,-0.00022374572332325738,-0.00795097793039424,0.0006261179506231946,0.0036855257496175103,-0.0016918689724081133
2019-10-29,-0.003947013312036276,-0.026619841735438195,-0.0006341772035485217,-0.012480086021921995,-0.007710729103728289
2019-10-30,0.0034398920507294362,0.022925389326765844,0.006717550101149159,0.012967180223613598,0.01961645876970954
2019-10-31,0.0035458217973953834,0.0020914787668487615,0.0012374508278794945,0.003541763611550049,0.002048956952046028
2019-11-01,-0.003530683208016274,-0.017927581986559284,-0.003109662566968492,-0.005117316703990563,-0.0043406170358471895
2019-11-04,-0.00447531039638345,-0.005482947185111099,0.0018306285541275756,0.0018811884041263578,-0.0042930184034754406
2019-11-05,0.01023559944611867,0.02646319498236851,0.0005401667246498431,0.00816809148408851,0.007372930016008254
2019-11-06,0.010292054486192023,0.01935081749086701,0.0008411196211415386,0.007190327369696218,-0.008511828546251859
2019-11-07,0.011364562096646888,-0.009818369482644914,-0.0035256851322419736,0.004637401051583368,0.0074761918392898695
2019-11-08,0.014080142872690818,0.01464182830763805,-0.003330202237702524,-0.001322898714394416,0.001004716058305493
2019-11-11,0.0007773049542840093,0.008988440356361913,-0.0006027209065724902,0.000580826683845142,-0.006202190804188512
2019-11-12,0.002943765556414659,0.0035132872409653084,-0.0012341501395345485,-0.001348144200406567,-0.0008365192258637037
2019-11-13,-0.0019579033706124825,0.012668958265488786,-5.026632284953107e-05,-0.0006436181407737068,-0.013940590901028694
2019-11-14,-0.014118955261410257,-0.021408870284678163,-0.0020385439353073085,-0.0002807560469570827,-0.008574582994415146
2019-11-15,0.010733644205367165,0.013206913989655372,-0.0004110661634196081,0.0024719209634643303,0.0007162740648901786
2019-11-18,0.016731055353628132,-0.0033483043727336763,-0.0053227605552955345,-0.005073539005901033,0.0011516169175898
2019-11-19,0.01187194118344871,0.01975911909492312,-0.0022264832964464343,0.005841737452644325,0.009270364872290389
2019-11-20,0.0028209749659148338,0.015645466644527487,0.0008731300376217058,0.00021312949895492824,0.008521377885797833
2019-11-21,0.001642553963396165,0.0018340748844166079,0.004733594219459512,-0.0026692926097232647,-0.0061998665416891485
2019-11-22,-0.008571333469850284,-0.01192019641032994,1.3553347567078082e-05,-0.005745604329134258,-0.0039321322132717575
2019-11-25,-0.004735534064415961,0.008442174334056998,0.003223579457642597,0.002332005698625528,-0.000999188188901553
2019-11-26,-0.008359598718024185,-0.022586216456532384,0.0002961333694656494,-0.004959580889465431,0.0011974435303685532
2019-11-27,-0.011025140865391622,-0.018128180087437697,0.0009873428196342897,-0.0015537462043995988,0.0016820132316776714
2019-11-28,-0.011644713562083684,-0.005595535709223647,-0.0012544644864994593,-0.0026930845196159875,-0.00230538940370361
2019-11-29,-0.014569288851592633,-0.01907239371229683,0.0018460687528680838,-8.685178829599352e-05,-0.002083789394206769
2019-12-02,0.012474823276348348,0.02088204715466145,-0.00107565428174514,0.0037162022084513864,0.008741432846924841
2019-12-03,0.017421427392508865,0.008607991020559959,-0.0027071698510739203,0.003928193763219167,-0.007426123042447325
2019-12-04,-0.017228297596349387,-0.022572172199515492,0.0021013727058025035,-0.0020690502314270214,-0.004844093055609768
2019-12-05,-0.0064860711543355395,-0.012507363356056428,-0.001543427161472584,0.0016495249279622223,-0.0019068015857831018
2019-12-06,0.009404315405253959,0.004966135735870148,-0.0007837392029599818,-0.0006161206689070404,-0.014122249523520912
2019-12-09,-0.0151870337455432,-0.03205997162190916,-0.004700561137651743,-0.011686470841779413,0.010192968426196278
2019-12-10,-0.00032559481495884174,0.015127692044446913,0.001270930305997534,0.004768976788642558,-0.009186767236813883
2019-12-11,0.004932007755036689,0.011789451376691996,-0.0014010398369543233,0.0011908031626613358,0.0022324540165487875
2019-12-12,-0.006084864379241972,-0.01940073700427852,-0.002903655905487351,-0.005455383776380757,0.001713617117195817
2019-12-13,-0.004113662127751292,-0.0046101572483555,0.001043346925476761,0.0011253552992524737,0.005444667401657448
2019-12-16,0.010329254229131224,0.003847824769851083,0.002866654746060338,0.004776247750381469,0.008326390130991039
2019-12-17,0.0007896970204535851,-0.0023545244312118555,-0.003733382645407873,-0.004787641441313532,-0.00968761404662458
2019-12-18,0.009206631125843195,0.023640532518550448,-0.0025235895029379696,0.0012061829653486928,-0.006470126592798268
2019-12-19,-0.005988937993636456,0.0009067846296717545,0.0002882664475478883,0.003931998382160278,-0.00731930183299814
2019-12-20,0.01743298093687,0.02149857489069425,0.0028540633742187432,0.005980690571529807,0.0027134464729903136
2019-12-23,-0.001133881560963907,-0.010748768329165935,0.002136339467888031,0.0038577587108146365,0.004641215354294728
2019-12-24,0.025582793274209682,0.051639365087843725,-0.0029752952149518764,0.006343400868928648,-0.008778005958875209
2019-12-25,0.0007006186330075404,-0.012374371614286441,0.007271142663913372,0.00996637232244244,-0.000885404068346526
2019-12-26,0.018677483884957893,-0.013949717209582931,-0.009955480968544369,-0.0035613254539718065,-0.001587662855244065
2019-12-27,0.002174594085807311,-0.008079536968260028,-0.0001583995028607384,0.004088754685176896,0.0019121632953938397
2019-12-30,0.001497819465504494,-0.0016251581085068836,-0.0010558762825444187,-0.0048720175324971455,0.003261320543146338
2019-12-31,0.01091839424973843,-0.007781598435326741,-0.0035887026217277895,-0.005150920890910492,-0.004444007403608162
2020-01-01,0.0011245524236299007,-0.03325458616543342,0.0034721549563724477,0.005408769220940119,-0.002150811841773458
2020-01-02,-0.02690876257435864,-0.047751251319898456,0.006776644026922835,-0.01098695492570889,0.00260382320440685
2020-01-03,-0.010791163182072638,-0.0054725953981639,-0.001253461236914307,-0.002702070520716756,0.001314215126011656
2020-01-06,0.015879854855958796,0.01813699127301263,4.292389188630286e-05,0.000734219240839184,0.006823141468612403
2020-01-07,-0.007957907112187907,-0.016206418817490822,0.0004580260080273696,-0.006091582931280525,0.0030909022359755537
2020-01-08,0.009887917153195484,0.015248481506568897,-0.005085832090220581,-0.002752492427550396,0.0029894823002619406
2020-01-09,-0.01868614065331003,-0.03434838663365887,0.0038969050972203533,-0.0008158624396753219,0.0020471212021804575
2020-01-10,0.038588812941577386,0.0583572135918933,0.0016997194520423635,0.02445556991068905,-0.00648539105527382
2020-01-13,-0.018521428099071372,-0.011512172127699713,0.0031556538436550703,-0.004111753014934108,-0.007578430457937192
2020-01-14,0.021770482924985478,0.027809165418673346,-0.002387521696521917,0.005383338176706889,-0.0009952444676606304
2020-01-15,-0.0033373771775855776,0.00410184005543245,-0.003590845408696664,-0.004476879092058023,0.008093214101807342
2020-01-16,0.015130878216134335,0.005041585478275045,-0.004139229010009457,-0.006018144929699627,-0.0019450806074420009
2020-01-17,-0.004469232019153268,0.006014006502364962,-0.004561983885670724,-0.0039782566769718695,-0.003948662509803922
2020-01-20,0.007229651521940157,-0.011926655696900396,0.00557709564983631,0.014966110563227622,0.006520805592500105
2020-01-21,-0.014420564314734907,-0.007827203150837172,0.0018315551384682014,-0.006840577806124372,0.0012043101505322734
2020-01-22,0.0038596248659762073,0.0090228247120015,0.0002971807238580867,0.0028672630349190283,0.005673937785472967
2020-01-23,0.012963936300743882,-0.013687578431227155,-0.00144819468161907,-2.5968015859981588e-05,-0.006538158536439718
2020-01-24,0.0013349145670799576,0.014449107585481825,-0.0031393826990749403,-0.002009139700499141,-0.0059405136706466135
2020-01-27,-0.005252725778754779,0.0056407287415320495,-0.0008111248964018704,-0.0009127570588307067,-0.008031709625312891
2020-01-28,0.014493750271775178,0.01921062404803228,-0.0010664552296140806,0.004621795377693235,-0.005615236884312421
2020-01-29,0.018543776244668356,0.014533323016071594,-0.0016595663415421161,0.0006880944098404133,-0.0029888615122717482
2020-01-30,0.007121944125400154,0.00913341016211498,0.0012090879562285967,0.003630645568345516,0.00288436338567187
2020-01-31,-0.005548569006735806,0.020993358867797973,-0.004709969355500229,-0.0014596984150109676,0.004774215870797853
2020-02-03,-0.013200011103295281,0.01820889534642761,0.004734307675923828,0.007943043807483502,-0.0019508150556785241
2020-02-04,-0.0013909504758337701,-0.002785151316153126,0.0009042574767134167,0.003645089123998898,-0.00031421820624866057
2020-02-05,-0.007518143164469613,-0.0013130546377744048,0.002554177724442027,0.002865991086205733,0.002506338638781107
2020-02-06,-0.0023568918516681686,-0.0100951998238782,-0.0020628194371380614,-0.008024640584833265,0.0027127604256725908
2020-02-07,-0.0008535237653408259,-0.005935234828021806,-0.010555272891462223,-0.018791154149939412,0.007155491594378826
2020-02-10,-0.004018580493071928,-0.001966177554701812,-0.0030760690458891747,-0.0013002814316765276,-0.002338540914491115
2020-02-11,0.003922579743543977,0.0300571407458321,0.007305650884042966,0.010572217705706917,-0.0030989360832968543
2020-02-12,-0.004095648804941189,0.002215789221783275,-0.00018586833659430736,-0.003985699450316569,0.011116604448005435
2020-02-13,-0.0007504115039569718,0.019432394518144634,0.0004651374195984185,0.008655196666141025,-0.0010539428582739862
2020-02-14,0.006827238519066379,0.002995000428703458,-0.003038595334782724,0.0005745290305780078,0.0038929671135237726
2020-02-17,0.0006060309222053035,-0.011648592602821268,-0.005299357634612554,-0.012928866222875288,-0.00874635065970995
2020-02-18,0.0005831994503221512,0.004500101836053338,-1.161906610070132e-05,-0.003201122115602718,0.000732662975760956
2020-02-19,-0.0009439243395569767,0.015076545921373452,-0.00462538492989154,-0.006551732322820851,0.007760653008104365
2020-02-20,0.0042534456875649405,0.010871890613421758,0.00013561395865829804,0.004287975991359387,0.004783958464559946
2020-02-21,-0.006573680460781033,-9.406740810155242e-05,-0.00467088136690459,-0.007098976343087607,-0.0009139051866299254
2020-02-24,-0.0024944717762800765,-0.003132262564760849,-0.0010034055794188263,-0.005042697030382923,-0.0005700953126591977
2020-02-25,-0.007728608011145937,-0.0067776224874957595,-0.0030809216223753443,-0.004880919097901001,-0.008308894683034813
2020-02-26,-0.0024990118018251148,-0.0059191915381179485,0.003219848560373991,0.0031970327189816475,-0.00040443969695767114
2020-02-27,0.006711235223099732,-0.019892356391985288,-0.0008324776303009671,0.013190126135123695,-0.001985431161881032
2020-02-28,0.000582989293973101,0.003717639994299658,0.002039673058403914,-0.0024150384948989534,-0.004203924418775733
2020-03-02,0.0020560143585291284,-0.004143941302411545,0.004954019950390783,0.0056643868605760865,-0.010909682395318598
2020-03-03,-0.00633169143666537,-0.02279187668008869,0.00010098165695661147,-0.005167748034429763,-0.0013174023541370284
2020-03-04,0.009400086414595627,0.02435658436439285,-0.001477483789794016,-0.006019976621124607,0.007932711851183803
2020-03-05,0.004525835015220631,0.009225532326205817,0.002913280308502673,0.0015919882233506875,0.015693314755927387
2020-03-06,-0.008986592636088135,-0.0036948573967751927,-0.006157047106259819,-0.01633898238791951,0.01401477793018277
2020-03-09,-0.0011808996456355364,0.0036391395532749237,0.0007647208061162657,0.00040664095907854965,0.007830390981640028
2020-03-10,-0.0009596844231835334,-0.01136285654133984,-0.0016963063695609596,-0.002174529189825675,0.001501786828980248
2020-03-11,-0.012800751268012361,-0.02354672381797389,-0.0009480483785659119,-0.010790913323537094,-0.012289895334635021
2020-03-12,-0.00743176809201114,-0.019866173765040757,0.004429713156361492,0.007273052239483195,-0.002951519559090309
2020-03-13,-0.001687017778370836,-0.0014941679514767063,-0.0014461524660689912,-0.0060462307426692825,-0.003728229882790703
2020-03-16,-0.005196806834265506,-0.018543830014710057,0.001063449648108493,0.0012910949509151119,-0.014354451576097008
2020-03-17,0.00041931727231072496,-0.0014011810415124905,0.0010109751178491286,0.0014345881842141373,-0.01083627134401715
2020-03-18,-0.01124743476201819,-0.015020336965699679,0.004709200178802825,-0.009624664421029118,0.009801999938876513
2020-03-19,0.007113194327518282,0.008141545821892061,0.0007435258370377374,0.0023867757846119117,0.0012447212981547737
2020-03-20,-0.009053770465167303,-0.026228273477673755,0.0028331106616099194,-0.004266693499211731,-0.00023648574542098967
2020-03-23,-0.006359421725442438,-0.01672239958003564,0.00023321089834415278,-0.004776180911886478,0.002621337213458896
2020-03-24,0.002628234947735077,0.0056315642826619125,0.00031853709382727877,0.005594600324829796,-0.007038711174913094
2020-03-25,-4.967945553799476e-05,0.007016748782473709,0.002435840635074515,0.0003374216580599181,0.000641483050911776
2020-03-26,0.009658413126158623,0.017276545137008947,-0.00016920837455028498,0.0036508507367183506,-0.0017139105909235648
2020-03-27,0.0023804091460252036,0.0009311968529716556,-0.00022006440773705296,0.0008014308596190241,-0.0044465108777892145
2020-03-30,0.0032074654178544716,0.023082172873056264,-0.0035683371619747045,-0.0016984862037637092,-0.005981237845710509
2020-03-31,0.004231702201532875,0.006442220739694734,0.0016649504088450888,0.007358043893384258,0.00022975430836400478
2020-04-01,0.005619922669725272,-0.006004108077283765,0.0023921356152492674,0.005640735802788479,0.006016385005579647
2020-04-02,-0.010837389665039807,-0.024042160589960695,0.0013495967484939801,-0.0035858938912164155,0.0024845600883907945
2020-04-03,0.014489795637595775,-0.008421299373456315,0.0033663822852408017,0.008884460575445475,0.0008277847592761726
2020-04-06,-0.009229365806363361,-0.007918422569830092,-0.004254291067493728,-0.007658143113022788,-0.009609834614267343
2020-04-07,0.0007264174226329869,-0.00028108873178458424,0.0035345314314419443,0.004285309444900106,-0.003459906668846921
2020-04-08,-0.0053159188179719655,0.008205067680860751,0.0024898134970335077,0.00019940230262082846,-0.0014686860146185124
2020-04-09,-0.006259973410973479,-0.005609493799024466,-0.002060884494352427,-0.0036827442910977305,-0.0010740143049690746
2020-04-10,0.01749732310992528,0.011850760156228395,-0.0014500213538845505,0.009615578244267594,0.005128778238053801
2020-04-13,-0.008978673520813827,-0.006264360857587092,0.0006133511601965913,-0.0008903262432759158,-0.007031816238858009
2020-04-14,-0.0006747725306675835,-0.014413313859928915,0.0004945584528646336,0.001150843896879193,-0.0015038920439138016
2020-04-15,-0.013832565360007213,-0.006294629011436906,0.001803543428397918,-0.004225710596640772,-0.0011219379674285114
2020-04-16,-0.01060897183077972,-0.01589416542703644,-0.00041448141381348355,-0.0014308675024669237,-0.004482486717736759
2020-04-17,0.007012956317290871,0.0019378529235259006,0.0003619569434041332,0.0018800480637392633,0.006522218789411769
2020-04-20,-0.004482555726038316,-0.01543935233216698,-0.002845157261759751,-0.007291472406072432,-0.006678685077045048
2020-04-21,0.0033310005976452516,0.0002736555757205032,0.004710615076463449,0.0028562664485548357,0.004802825357875125
2020-04-22,-0.007571608650757741,-0.010250234099619079,0.0008286538906500571,-0.0071443957613656,0.0037666110338678326
2020-04-23,0.015656932282772432,0.012103504013711457,-0.00027181288837615814,0.00777299548198727,-0.001312703166379008
2020-04-24,-0.0028494486721073794,-0.012123249863865794,0.0011221399569359685,-0.0002624977240290137,-0.0025093133962116204
2020-04-27,0.001090604283075762,-0.002175374868075382,-0.0009709241080730865,0.00020057826087520745,-0.006133089254211225
2020-04-28,0.007150066846435949,-0.0008680558226890514,-0.0015472003274329626,0.004076403722016302,0.0031540796343924164
2020-04-29,0.0008819314460159006,-0.004122454201487097,-0.0009530377782448361,-0.0011669064601091607,0.00015786202409193595
2020-04-30,-0.0002638244405117644,-0.0003189445404907949,-0.0002607530132298842,-0.0031437868633685134,-0.000619252326600447
2020-05-01,0.006547338503341351,-0.0015604439523179095,-0.0006866375633210622,-0.0011979011867775842,0.0019626926717775483
2020-05-04,-0.003743774217126419,0.008607302729762498,0.0016982830520909731,-0.002694267703084116,0.006346882388668559
2020-05-05,-0.004640942346897535,-0.007038575334444728,0.0008765420148860673,-0.0016155206938510197,0.004567180915206251
2020-05-06,-0.004390250618077596,-0.006899350511569995,-0.0007964008348751927,-0.003748600711080689,0.004884750856993782
2020-05-07,0.0032545440710098866,0.009652930293769551,0.002918375578068148,0.0036158659124533522,0.0018407503079909335
2020-05-08,-0.011297901782244964,-0.01692396571575316,-0.0011063743881962044,-0.009062365545922992,-0.006105893905459393
2020-05-11,-0.001147275533947297,-0.011044458700230747,0.002369237916651391,-0.0009423725507507271,0.021215757901472346
2020-05-12,-0.0028436176517545424,-0.002394976392898151,-0.0023581868801744506,5.277292218564904e-05,0.0037021871075314052
2020-05-13,0.0019066331256658436,-0.004720949977087825,0.0002961465322277719,-0.0016582174089660462,0.010501368503357315
2020-05-14,0.008540097058201466,0.009439794541477548,-0.008094147776191439,-0.010920275530104339,0.007461096198842819
2020-05-15,0.012013373322995905,0.0210799937924719,-0.007354662265726366,-0.0012821146735322389,0.007642948582729091
2020-05-18,-0.009001040499708532,-0.009362563997827986,0.001578696508062976,-0.0025033761030539463,-0.009799323952890708
2020-05-19,-0.0034171783120635446,-0.00668292765204986,-0.000351432159448664,-0.004001151655728486,-0.0034111726548085673
2020-05-20,-0.00014094166580020333,0.003662070541230368,-0.0011494001548343752,-0.00232432641602858,0.001254902280217047
2020-05-21,-0.00990852851918417,-0.007715899024724649,0.0009061514247557002,-0.0024439091352384426,0.004236752962092585
2020-05-22,-0.011435543217540192,-0.020926705756427626,0.0016067650558581165,-0.0029345057410662366,0.0012554825939929777
2020-05-25,-0.004039111862838447,0.0014534261127745467,0.0034717591701463415,0.0038660948182875827,-0.002468121744581099
2020-05-26,-0.013142629030968835,-0.008881065968766904,0.00395952120686072,0.0011899304621416904,-0.005392154893401208
2020-05-27,0.005082436989531076,0.009902335102513968,0.003700767230518075,0.003220470615783213,0.0009132331798941345
2020-05-28,0.00618968627102359,0.006306954681652083,-0.003716803810684876,-0.00043003505688897703,0.0023840755333615297
2020-05-29,0.000990045254195476,0.0025369819370324996,-0.0008646593288024573,0.0033748025454487353,-0.008193768208127993
2020-06-01,-0.0035157619814666302,-0.0031786598487998042,0.0024753434705808127,-0.00176820126422871,-0.004371751254870896
2020-06-02,-0.02144424953590644,-0.019575032162080855,-0.0028398008865930333,-0.009871054270323679,0.004490303520546116
2020-06-03,-0.004694547886671216,-0.0025585538090380304,-0.00036510117057225576,-9.776039143982046e-05,0.0012208847155307325
2020-06-04,-0.005317649385769235,-0.005367466799373412,0.002989396880562865,0.0024033711740211365,-0.0071384747583207
2020-06-05,0.0052705144997711294,-0.001649278508056171,0.00316217553109069,0.006498417894574072,0.0016496259369720664
2020-06-08,0.0019731432345383867,3.076658988821141e-05,0.002381054055582818,0.0016555007730953797,0.0032246292714718044
2020-06-09,0.004964867647258925,0.0019605089544536642,-0.0014053467742771832,-0.002061631649226545,-0.002756962307493193
2020-06-10,-0.016982970425999305,-0.008829098870152879,0.006915394354228525,0.006327879345453778,-0.012138868151566305
2020-06-11,0.007488039546479233,0.014816736095540664,-0.002073649822362265,0.0011883388327113443,-0.014562914014357213
2020-06-12,0.00259965870361789,-0.004410947861587786,0.0004845690026248855,-0.003162297054529099,0.007241533802046852
2020-06-15,0.007202960956596475,0.0020831704704340694,-0.0031162963545584245,-0.005272280057306601,0.0013204638179573971
2020-06-16,-0.004111252410147278,-0.011082727943065017,0.0015342672626030823,-0.0013074494078996147,-0.005016391956326187
2020-06-17,-0.007350954869303219,0.004653952278879839,0.003455951991456531,0.001252996846173444,0.0070243141342004175
2020-06-18,-0.008807736670771343,-0.006802694930994031,0.0010996785891028633,-0.002532399826476454,0.003267398973646294
2020-06-19,-0.005740015155994964,-0.001719238996646976,0.0018912748838669478,-0.00599388121914736,0.011424456224723394
2020-06-22,-0.015927687548178197,-0.01451187166603899,0.0029949735131358348,-0.0024148879638351533,-0.006161882903226237
2020-06-23,-0.009951275149823819,-0.0010518314427532614,-0.004854219559587693,-0.003939141286629146,-0.004689581256815682
2020-06-24,-0.008493715351185618,-0.008814844709069805,-0.0018140602192272407,-0.0022809075705645856,0.0021254412525627832
2020-06-25,-0.007151395450942576,-0.0062710413610593384,-0.0006665088540243368,-0.0010067767826994894,-0.00560184723368378
2020-06-26,0.009967062824578769,0.007288432542594731,-0.0027948084666519594,-0.0010510356384265005,-0.002946006515963936
2020-06-29,-0.014669169135205742,-0.00979487964873508,-0.003490988968356857,-0.012929297761699916,-0.00046191493882751715
2020-06-30,-0.012723818734151786,-0.012025802959930314,-0.0011279405961313294,-0.007452227161441729,0.009583434743586684
2020-07-01,0.0006915071093829218,0.0018120905511428225,-0.00403364446750707,-0.006332764526439444,0.0008966832156806502
2020-07-02,-0.009799931635203313,-0.0012654717021554991,-0.002939102070615652,-0.007228980554842152,-0.004853664017029736
2020-07-03,0.001403387743158381,-0.0016539365351498842,-0.0006195582663625725,-0.0011300286403366417,-0.0029775374167256017
2020-07-06,0.005987143793247146,0.0059279033021402494,-0.0006415782670356794,-0.00039925196107369485,0.007138688099756816
2020-07-07,-0.0021583145621989577,-0.0032818074674585435,0.0005103526025270022,0.005594701686136753,-0.01200623382491278
2020-07-08,0.0067196621024801706,-0.005022091851401284,0.00019323488874334335,0.006324853785739703,0.0019319736523052181
2020-07-09,0.0017619364988440524,-0.001748163800806053,2.9624521291911506e-05,-0.0004608050939859056,-0.004549822285395231
2020-07-10,-0.0015988623581467036,-0.00023685405820798362,-0.00129955279558599,-0.004056165144787842,-0.006227432322772539
2020-07-13,0.0031590476162936722,0.0049070346223930965,0.00038284521345594306,0.004506995681889225,-0.0007067237060946363
2020-07-14,0.003528438151317375,0.004276700316881703,-0.0003949733135458144,-0.000791556532853035,0.015736647358893144
2020-07-15,-0.002067005136464966,-0.0035891592570504497,0.0008481853847830221,0.000648714256952294,-0.006744082284970031
2020-07-16,0.006664437469396956,0.0046770301415319125,-0.0022819313168825957,0.0018131832184356438,0.001597510841106888
2020-07-17,-0.01385204354163823,0.0027509024263708843,0.0031734292793972386,0.0002710537057960239,0.015843099172120196
2020-07-20,0.002200553767196341,0.0013640142933948694,-0.002439468840171858,4.069416123402419e-05,0.003286690599095976
2020-07-21,0.0003620323994546616,-0.0035344659930891796,0.0003642337430598853,9.099150265383146e-06,-0.010166361063522223
2020-07-22,-0.015942150456716993,-0.0069703763429313035,-0.007652975520785981,-0.012296971274497418,-0.010500134490431788
2020-07-23,0.008114889562786555,0.0035058126485012706,0.0008750191485149478,0.002732063996356537,0.002230114726997009
2020-07-24,0.007228866481742821,0.002175486711950329,0.0027900671690359404,0.0019822488927457088,0.006203173764544554
2020-07-27,0.006415789428319586,0.006357810421564806,0.004024036617942104,0.004900266960954025,-0.005677284219017671
2020-07-28,-0.005944316264323433,-0.001305862815953784,0.0016068979353434847,0.000125121200996276,-0.006461706210309453
2020-07-29,0.011964942781987122,-0.002670950801283664,0.005476247592529942,0.023124987730968286,-0.001006798717155861
2020-07-30,0.005695862552025035,0.0010906973279868918,-0.0066228358514171595,-0.01093097730153286,-0.008440847102389737
2020-07-31,-0.011660786920885053,0.000624831559684057,0.0019935135504962303,-0.000508948616957353,-0.003764802114553583
2020-08-03,-0.001038681824896184,0.003056941835653085,4.8194822478409055e-05,0.002092668488328477,-0.0022586856981897554
2020-08-04,-0.0018150713885545277,-0.0051361590937951986,-0.0044072268771255954,-0.008737825126959227,-0.00014103030110232623
2020-08-05,-0.005175168521450066,-0.0030207059568368986,0.0005875088463488873,-0.006772506647705686,-0.0014451893475421946
2020-08-06,0.00216655138253884,0.0024101737288689303,-0.002316028203400325,-0.001733666349215596,0.003257557512596582
2020-08-07,0.005876973959494455,0.00336218555063254,-0.0018092110556346354,-0.002077356619288265,0.003619664865341625
2020-08-10,0.0016424169611167203,0.0036090285574693556,0.00030519530805752813,0.004586010721080666,-0.0005782815568738089
2020-08-11,0.003799796871690183,0.004740291253588466,-0.0017009019474384678,-0.0044638143887574585,0.006818547660912
2020-08-12,0.0019584788130365765,-0.005189265062312951,-0.001995289949526663,-0.0001581782136996143,-0.0023164415862591712
2020-08-13,-0.003768622148710443,0.004104423619866217,-0.0029084008136444524,-0.008170304747619948,0.0011973094200519027
2020-08-14,0.002144935097340197,0.0030496330073140204,0.0016929896564888232,0.004129850355777894,0.0022162065729385188
2020-08-17,-0.0012403069715409627,-0.0005321553753168352,0.0004124569482313014,0.0005619277364818291,0.0034014000918183352
2020-08-18,0.00588078217825579,0.004525889682899263,-0.0037394541241178025,-0.0019160789406496433,-0.0008608763641455669
2020-08-19,0.0015434354348056291,0.010459122709715885,-0.0015450862689816436,0.0012717203452206317,0.004324331832308662
2020-08-20,0.001150246615614409,0.015909802921398424,-0.0015028717824140724,0.0017224007056228419,-0.007933195448635123
2020-08-21,-0.005324574810483755,-0.0016516872929302135,0.00608844824242282,0.007808538400391394,0.017408864564009002
2020-08-24,-0.00010907952487562218,-0.000991995673609605,0.004729461697149691,0.00594396354807106,-0.001872438429364607
2020-08-25,-0.003619866345430944,-0.007290163701778584,0.0030584181852502143,7.696414084104171e-05,0.0021613159488678073
2020-08-26,-0.00015804553037098546,0.0035801936683734887,-0.002582780731035862,-0.005804802899886951,0.0023300061428162804
2020-08-27,0.004185836124036881,0.005635667508540187,-0.0030692356846993905,0.0011208441619541935,-0.006762156100647209
2020-08-28,-0.0026632735747658723,-0.006582717175344961,0.004021638041167949,0.004229760204674149,0.003809200883605995
2020-08-31,0.008348205535527705,0.022753630019171075,-0.006655240485256469,-0.003755552080607599,-0.004954804545996357
2020-09-01,-0.006578494864418973,-0.01595044927299641,-0.0005227089296549739,-0.00852778857997832,0.004968608342460084
2020-09-02,0.0005908250145701991,0.0041043856289147895,0.001816492201611457,0.0043116481559977,-0.003111950908825476
2020-09-03,0.008609947632982465,0.011003233196693059,-0.004667921643034688,-0.0025775091176981416,-0.006068112053998355
2020-09-04,0.0003181172952303908,-0.00019178189182235644,-0.001082155599315113,0.003255526727785373,0.00014262593328813326
2020-09-07,0.005168873938416992,-0.0004414778686484833,-0.00392004144465878,-0.0018876582634117791,0.0009558727322539754
2020-09-08,-0.006352924852672889,-0.007423972665985304,0.000758189306191555,-0.0024037918942098756,-0.0026085064520894995
2020-09-09,-0.0030585572702662503,-0.004187633275767356,0.0006382082212105819,0.0008185711421085818,0.004970077184560517
2020-09-10,-0.0020001035834876692,-0.005226353216694731,0.0018403767927030123,0.0026031425460463324,-0.0033755017923861375
2020-09-11,0.004356376722141636,0.009228487920258677,0.0028207146368703258,0.008481232067199506,-0.005242448719553931
2020-09-14,0.00029051296825964123,0.0003723021258512037,-0.00013995907577530725,-0.0011471309261753143,-0.004402649063200944
2020-09-15,0.0006002120155708765,-0.0020968962087983887,0.0001614021110901492,-0.0011883508207459449,-0.0029063692207268797
2020-09-16,0.001883093732680623,0.0029347172912546605,0.0017443076318372096,0.009397557165439649,-0.0010771323239151124
2020-09-17,0.004169649729918943,-0.0035658147904617916,-0.00506523561937555,0.0016506496588169744,-0.009878365802301772
2020-09-18,-0.0061372717011956126,-0.006309109513158444,0.0004110721534855818,-0.0051371861353610914,-0.0008087054421450546
2020-09-21,0.006119327181206245,0.0026946249120713747,-0.0036244241487240047,0.0006225843657149421,0.001024212352707412
2020-09-22,-0.002561641446438005,-0.008241910138390297,-0.0012692726103654302,-0.0030714357003783165,0.004718366392742697
2020-09-23,-0.003945118286402869,-0.004051335163322353,0.0016916641779848955,-0.004262441051798075,0.006048703241659832
2020-09-24,-0.006029145688869626,-0.004210237290705725,0.0012087644692637856,0.0013471945952053164,0.0012234245670892088
2020-09-25,-0.012485286796744552,-0.014845535278412543,0.0014777764635136653,-0.004280353816437819,0.002253390673064849
2020-09-28,0.005088792836349767,0.007689880443970219,-0.0008241327453812493,-0.003102441425850238,-4.989728880591218e-05
2020-09-29,0.002218290448658974,-0.002096781681636328,0.0009931266277945858,0.0032023903553615404,0.00031539066542392015
2020-09-30,-0.014828926217088461,-0.018508124317919178,0.004557604333528836,-0.0017166602780711979,-0.006267402395458247
2020-10-01,0.011497723226204404,0.010680186542971997,0.002729240661762235,0.00712784755551801,0.0036824863254847177
2020-10-02,0.002451818197315252,0.005553406611431341,0.00449873954510725,0.007759223221064728,-0.006093102419693261
2020-10-05,0.0026917981517918404,0.007386694915933792,0.002256639368860342,0.0028869024057197046,0.005175589086937592
2020-10-06,0.00508343848265371,0.01537986205462675,-0.0017676138439658249,-0.0003050225826455322,-0.0012955171100060112
2020-10-07,-0.00283718428910748,-0.007532660973205699,-0.006084676481097824,-0.008661541596675171,0.0008675570227289383
2020-10-08,-0.002832297594308791,0.0077423952311609845,0.0003409423789081857,0.0032138922864185424,-0.0007476502910311813
2020-10-09,0.005721141870127231,0.007375692576003877,0.003365274672542166,0.005971758347967833,0.0031906869214482184
2020-10-12,0.0025802931381934983,0.0009867417115677576,0.000932900714335824,0.007721422191364751,-0.003185401477186391
2020-10-13,0.00192822163257731,0.006304652378144615,0.001818324474878659,0.003244384809127343,-0.006546340471068091
2020-10-14,0.0033552305558234496,-0.008290532263217791,0.0034902543426766717,0.0049040690058498055,0.005980188342304914
2020-10-15,-0.006670929689777611,-0.017197319298467857,0.0015167883785813443,-0.0021640511591074665,-0.002391680241518613
2020-10-16,0.0007141076864205552,0.01575657698868142,0.001950572899908988,0.005988472591405793,0.0023545487701346827
2020-10-19,0.007421734698880521,0.007775186551915385,-0.004749632908023348,-0.0027735287541868405,0.0027293836976019755
2020-10-20,-0.004285583463041842,-0.005675390705994541,-0.0009706345727709907,0.00011464421098231812,0.001003884366434729
2020-10-21,0.005788013070691875,0.011680475069299243,-0.0005808644970409359,0.0027201319904336485,-0.007742270923223362
2020-10-22,-0.008751584675157175,-0.009249703955298543,0.001347777351576853,3.517126082775587e-05,0.003936046375387874
2020-10-23,0.00835626609064071,0.004131667205155461,-0.0013046394657545296,0.0022610678642119362,0.009852281741539159
2020-10-26,0.006821910373812474,0.011511118516266376,-0.0010912173625122422,8.555930182176723e-05,0.003532121555109441
2020-10-27,-0.011264093210654262,-0.013878474308087585,0.00045032995594506927,0.002279882655281348,-0.00647331466010539
2020-10-28,-0.012333805716290967,-0.010088370542761356,-0.0002978535593792163,-0.0038479733486259256,-0.0012200563920595174
2020-10-29,-0.0026420899437360895,0.00449270023262465,-0.004564453698843809,-0.0068926104393960425,0.004202649988534654
2020-10-30,-0.004574230921867294,-0.014758352641624048,0.0021153493453921063,0.003030687671370566,-0.0008920260416824142
2020-11-02,-0.010945121644648106,-0.007399492948146688,-0.0023753528041255425,-0.005193591162256433,-0.0050863999145680785
2020-11-03,-0.012341226085551278,-0.015639845340257807,0.0002260398556948999,-0.006071523917564892,0.005104123553180827
2020-11-04,-0.003875014192034749,0.003919494138002314,0.0010529904173334928,-0.001548861795589665,-0.004317979118985527
2020-11-05,-0.019894230864030537,-0.015636857570991473,-2.6371584183026764e-05,-0.015042736327890126,-0.000756951092904114
2020-11-06,-0.0062335610789181145,0.0032295065958594864,-0.002642326535226374,-0.009581900429149547,0.004496080304866123
2020-11-09,0.015454851877850936,0.006783578627279508,-0.0025630732944978197,0.003762547614392422,-0.015230408794124099
2020-11-10,-0.016606117672909735,-0.014371579017393044,0.0043145699962028414,-0.0004986081547390514,0.0018953253668671927
2020-11-11,0.009963282700561467,0.019508364235698974,-0.001675850679601067,0.0016132995861343298,0.00873912022429616
2020-11-12,-0.013099722201363127,-0.004125892612906279,-0.001482082654846474,-0.005350663725451704,-0.0027786480660148883
2020-11-13,-0.008546118114027515,-0.012667796922640832,0.0010621577803421021,0.001318191288884415,-0.0017194860647970034
2020-11-16,0.0008712877361920003,0.004397001540107192,-0.0020434643874419397,-0.00035086282490747085,0.0027030082517421855
2020-11-17,0.038132619276802004,0.026726843892181204,-0.003454058495476865,0.009569919678519544,0.0064521628524554136
2020-11-18,-0.007128866801030496,-0.007937179881827383,0.0016626685926300721,-0.0021491034110454736,-0.0008145659463789335
2020-11-19,0.0012842303742771196,0.007920197441838734,-0.0013029231430608393,-0.00610251550339429,-0.007982116533630157
2020-11-20,-0.014278887736533578,-0.018915328235339594,0.0002631671484746421,-0.007030710068336384,-0.0021921422334275843
2020-11-23,-0.009277079406813216,-0.010059107572707015,0.0033742480761643945,0.004630388536478475,5.437738617114501e-05
2020-11-24,-0.006408610542298999,-0.008582942948587488,0.0012260724307852475,0.002059184011090274,-0.006518914203904149
2020-11-25,0.0006137726379504,-0.01305201985332688,0.00045484096942255626,0.0019551028519734057,-0.0014853865621936753
2020-11-26,0.017230258653264267,0.007800756462813625,-0.0002478574684863728,0.0035305758890587457,0.000442333058126462
2020-11-27,-0.0012043606330072497,9.513389228035717e-05,0.00211308694605993,0.0069537554314357585,-0.0013599430745044792
2020-11-30,0.006795764691889772,0.0014314107373268915,0.0009915317543279162,0.0013179198416369874,0.00550521213105181
2020-12-01,0.015481736826362976,0.010770622701646903,-0.0035947527420277505,-0.0022007955539261855,0.004194437118204582
2020-12-02,0.005995169168030993,0.005931192818161289,0.001968202077784642,0.005323227688661242,0.006107718849891989
2020-12-03,0.012257482365559137,0.021157693967472694,0.0005153555657998227,0.007556691420004553,-0.0033227910794798167
2020-12-04,-0.008830763494913532,0.010855877671246282,0.001095923614483442,0.0035930931525207737,-0.0012281066475254882
2020-12-07,-0.006202192059623564,-0.004678703751489112,0.0035603664602725507,0.005046289834070968,-0.0090119630415971
2020-12-08,-0.0018802886113544427,0.010677048107651223,-0.0003349070725528225,-0.005060557676157982,0.011583262005753318
2020-12-09,0.009855283976413125,0.007321763634289929,-0.0015920151174366394,0.004886596220975621,-0.006909792017331529
2020-12-10,0.012034922718240842,0.013510980894549182,6.359171090265432e-05,0.004130312330762489,-0.0009085814110718274
2020-12-11,0.007793667975932882,0.0019060192897199066,-0.002849504690253653,-0.0008988039642447074,0.0018038743806093691
2020-12-14,0.009857909963991706,0.013447931963408365,-0.0018830120189470014,0.00490044381566682,-0.0031685257816605034
2020-12-15,-0.004083026128200221,-0.005148740512767831,0.004364808416748892,0.00023197403011766677,0.006050682867669837
2020-12-16,-0.01743845927547665,-0.014770839906158658,-0.00020842291178346009,-0.011061089723669605,0.004973706669439925
2020-12-17,-0.0033951187880856067,-0.016248199081055806,0.0020822344035011675,0.0051212158883532435,0.007289829689426014
2020-12-18,0.0024236619266646015,0.0023214448528571783,0.0018765170195266011,0.006558623070768634,0.003325203372116781
2020-12-21,-0.008234280772580555,-0.00549262002566636,0.00144667865791015,-0.0058029651420114505,0.004978739341559045
2020-12-22,0.021402179686076793,0.022054268166218756,0.0023506690736030847,0.011244403111017216,0.0008423291433639428
2020-12-23,0.0033704818590189166,-0.001973971604502523,-0.001833399642051605,0.0011352473449620856,0.004474551216277053
2020-12-24,-0.008418116087418333,-0.0006936027003732841,0.00026737245810720786,-0.0008630210759463562,0.001304051957149748
2020-12-25,0.009285544761316837,0.007942023164801505,0.00248894879575717,0.007640801245706403,0.0037812333228128543
2020-12-28,-0.006779362356876175,0.007330246254365012,0.001270678682725906,0.0027361904231659982,-0.008475770139049031
2020-12-29,-0.00512091719134225,0.0016489580876148427,0.0007194286109434202,-0.004191610068513739,0.005429133151762908
2020-12-30,-0.0035273626204956523,0.004042106225136077,7.666326792659205e-05,-5.444196798909542e-05,0.0042379048942489915
2020-12-31,-0.008069776980217387,-0.012473797496818139,1.1088577975665056e-05,-0.0005292189071286104,-0.00862806120312383
2021-01-01,-0.009240509878299882,-0.004028712217278728,-0.00030128335049546187,-0.0037923335272967338,-0.007135866351028416
2021-01-04,-0.006480909563607155,-0.0050175744617985745,0.002402248411989761,-0.0007168902141613939,0.012552212082365136
2021-01-05,-0.005291181898051063,-0.00778305161997124,0.0031921754651090995,0.0032425070465341536,-0.002423564562927123
2021-01-06,-0.0009464864818799632,0.006522462557777312,0.0029073199199361223,0.00216501583482188,0.001418403482498734
2021-01-07,0.0010163143302105767,-0.0051203232058490535,-0.0001317533205330991,-0.000261777661800872,0.007682204147920839
2021-01-08,0.006567447534918178,0.004189021789507243,-0.0006124971104884934,0.002198467963869306,-0.002724310286748527
2021-01-11,0.005158566028587908,0.003705861633884499,-0.0023952516434471503,-0.003914322979340026,0.010326303440777354
2021-01-12,-0.0009546038164234739,0.008120920297113587,-0.0009806614387885906,-0.00017967557762918934,0.013652497981836181
2021-01-13,-0.005423577701993553,-0.01176361523252093,0.002305978206817231,-0.0007441465169545287,0.0020236250053736428
2021-01-14,-0.004506263560954745,-0.002175404610209159,-0.0019028336669927098,-0.0038487540859712672,0.0025794799667498308
2021-01-15,-0.010388825800760693,-0.014384953631944135,-0.0003991335914910177,-0.008659553720854522,-0.0011376432209443356
2021-01-18,0.0010587454240386872,-0.001143136421957857,-0.0005236143948416602,-0.0005618507240255483,-0.0037075686198793103
2021-01-19,0.006914812886726706,0.016905758053236918,-0.0015899994052307133,0.002497827939260616,-0.0036886928981819823
2021-01-20,0.0038972505594517697,0.01705776536075564,0.0012506093900783108,-0.0022208972539777016,0.007326314385825185
2021-01-21,0.018298040726090616,0.016232454281093683,0.003109571949667598,0.006349673059263238,-0.01411112321282979
2021-01-22,0.002532481102880835,-0.021227253962729706,-0.0010656939265789472,0.004271295803040051,-0.028711383703788028
2021-01-25,-0.01929368248192775,-0.035373976314242085,0.000817771756683352,-0.0071897415855658965,0.027324179800251702
2021-01-26,0.0056961568802104375,0.009499424665871737,-2.211386444648352e-05,0.0023161018669136547,-0.006458676889126922
2021-01-27,0.014907294958433036,-0.002162510847270763,0.0025321173231120393,0.012623007286994984,0.002830659867163417
2021-01-28,-0.0019884764298917514,0.0026297994269078003,-0.007674958702282617,-0.011954619864395357,-0.00776071974493664
2021-01-29,-0.00021689650919800847,0.005662949980502335,-0.0001374588989359489,-0.0038997084791508184,0.0009159009856683143
2021-02-01,0.0007123771038393164,0.0015206485953108179,0.0003584455970035947,0.0036670383302913607,-0.010368011324874674
2021-02-02,0.0013929443596127308,0.009277222494975881,-0.003535764731967501,-0.0034509872590404453,-0.006756446271848251
2021-02-03,-0.003456573833120672,-0.012039406224216632,-0.0002662303621762769,0.005045501246388776,-0.01964305492351738
2021-02-04,-0.008379814915558777,-0.01825623877555188,0.004744015726861835,0.0011156754526253582,0.0029950905331220454
2021-02-05,-0.002956921962338102,-0.010775820144604204,-0.0003795976563777229,0.005493466323764669,0.00798148555650383
2021-02-08,-0.006010256099418828,-0.002087725007065029,-0.0016135743570664803,-0.009217347085294744,0.011682369890496888
2021-02-09,0.008329696264717013,0.016428088740628847,-0.0016333391632206108,0.0011796050166408172,0.006540732175880945
2021-02-10,0.0027887395082133023,0.000605897304916763,-0.0036229054133472124,-0.003643798003681431,0.007274225240439825
2021-02-11,-0.009979310864680796,-0.005790489100839155,0.0017685595285749707,0.0012223215748537024,0.006648089782731144
2021-02-12,-0.003464676835098308,-0.011656246421225374,-0.0006592272662957021,-0.0008285219554314358,-0.004612594632279827
2021-02-15,-0.002864404674289091,-0.010865413899430394,0.0028546437359281487,0.0033686747594295573,0.004411198106488147
2021-02-16,0.007765303165871905,0.013000825985608045,-0.0011431161418731651,0.0012557687419127543,-0.0034599265733065328
2021-02-17,0.010844229316886585,0.014245887350857984,-0.0013061057556184043,0.0030767400648181314,-0.004641268277535402
2021-02-18,0.013093409034413967,0.00883229916559705,0.0005611265571194492,0.00782554113666295,0.0027133762580226683
2021-02-19,0.0009453221928111314,0.0010598651499190892,-0.00012360308849309267,-0.0013397357708397114,-0.0020900956271624645
2021-02-22,0.01171559470929769,0.011001980313710826,-0.0024026839344695296,-0.0006280024565121195,0.008833774389995868
2021-02-23,0.005368213544067198,0.008802536497647194,-0.0008052043618676154,0.0022713707654363037,-0.005460919349075087
2021-02-24,-0.0012339451830110644,0.0035364935971752076,0.001514064073717747,-1.495058977679092e-05,-0.0029153061141622243
2021-02-25,0.0010817467495636852,0.012464135015339226,-0.00426140455709969,-0.00343817663429247,-0.012260563843923522
2021-02-26,-0.006346653559492077,-0.009726988346900726,-0.0009341480710478463,-0.005002306191516899,0.0008598867225547194
2021-03-01,-0.004308494541948575,-0.015372328580334738,0.0024241180300656477,0.002856110066910805,0.006648040248064178
2021-03-02,-0.01106097339930135,-0.009775914164206888,0.0023845807147217187,-0.0032957452637483813,0.0017776931334384655
2021-03-03,-0.0005612065279300416,0.010815865328229963,0.004171439401221276,0.0014715076087658862,0.01840198367275062
2021-03-04,-0.008011103178956968,-0.00019706050893092094,0.00358397460608828,-0.0012187631614503666,0.00728014474182722
2021-03-05,-0.0007083740180740461,0.0036189257737197418,0.0008102725858172572,0.003981220425625914,-0.0020085327634720308
2021-03-08,-0.0008450479680044315,0.005394501871342345,0.0014143524568498603,0.0029619961622829273,-0.005621313370358589
2021-03-09,-0.006243321229894379,-0.00926670521773914,-0.0008421295690018197,-0.001378817091687409,0.0045928404864220935
2021-03-10,-0.0005708567421738463,0.006024668941696448,0.0025187220821375586,0.003091961703914365,-0.0042665690944601225
2021-03-11,0.012609762716627945,0.01224688114003642,-0.0004989085370759373,0.0025234907494608937,-0.00562475495004353
2021-03-12,-0.008653560278917977,-0.004957398610467497,-0.0008853375571871976,0.002239026257262004,-0.011452138143868643
2021-03-15,-0.009097073431679674,-0.005177472951116644,0.004055403693752713,0.001913489820421256,0.004664751858685559
2021-03-16,-0.015287147172795038,-0.017647028383261192,-0.0018243377012692747,-0.01016688068305844,0.0031538544485303307
2021-03-17,-0.018267505737459284,-0.024177144113774758,-0.00014705811420595455,-0.008153950743947905,0.0034126199442218565
2021-03-18,0.0029474486674084294,0.00901995419978287,0.0015515026939829284,0.00620891909436067,-0.0013460935781907536
2021-03-19,0.004221857204670874,0.009352988418071629,0.00030369631762527753,0.0003812710713390516,-0.0020951188430695846
2021-03-22,-0.009886536628215014,-0.004852113050995204,0.0002680337758612686,-0.004910596996157426,-0.005007352093876766
2021-03-23,-0.008253177112806874,-0.0018959767206881083,0.0005978686549540694,-0.003192462622464492,0.00449762275837662
2021-03-24,-0.005038348815701199,-0.014376377134361159,0.0026045444046123704,-7.702613307398673e-05,-0.0006060194913227089
2021-03-25,0.0005559436325957851,0.007677438737812952,6.225400259321159e-05,-0.002124171064496989,0.00414795019171527
2021-03-26,-0.002968132917487083,0.0075154860550668305,0.00020408896580811206,-0.004499679504851457,0.0035979381287271402
2021-03-29,0.015528308666834734,0.0248242194031777,0.0029208655090093194,0.006725254948514415,0.0077472577442311815
2021-03-30,-0.004899145257358062,-0.003431196442829185,-0.0019231100897695993,-0.0053533983767121126,-0.003346251276220501
2021-03-31,0.007408971598533282,0.012846533032636956,0.00022735531189447484,-0.0005167469336266326,0.00033530476140558737
2021-04-01,-0.0055682908643270865,0.00043951916258968616,0.002610741727965993,0.004710188123862205,-0.0048800375301910415
2021-04-02,-0.015472088635382238,-0.023744877454440764,0.002985706569517735,-0.0020201485236245376,-0.0019469374095717426
2021-04-05,0.015048000404956118,0.02537566845122756,-0.0006548494108129346,0.003076593489019837,-0.00017883490169282154
2021-04-06,0.0019218661908357174,0.013066554082896423,0.000679751297762194,0.0032536177732739066,0.004060159262605156
2021-04-07,-0.016086843790671424,-0.007331840824590748,-0.00014186694983260708,-0.01339206317490953,-0.013266197003126642
2021-04-08,-0.008693229827443109,-0.0044487665122124416,0.0006398488274848334,-0.0009395015478763325,0.010188829599595857
2021-04-09,-0.0076822306322355425,-0.007414397416380773,0.0007799758273447669,-0.0025639185603757437,0.0008216596557263951
2021-04-12,-0.007832721330173214,-0.0014144767147872084,-0.00033652070619424906,0.000615546274830807,-0.002470561387770835
2021-04-13,0.014711520983756736,0.012917210376762724,-0.0006673095472707953,0.0007309076478016424,0.002936594833955174
2021-04-14,0.003532070634461382,-0.003126320145774401,-0.00034826567097576334,-0.0017123293825710218,0.015738431876331938
2021-04-15,-0.0008609492567301207,0.013961586566470995,-0.0003964032358953206,0.0008850812026981463,-0.013494360266080264
2021-04-16,-0.003774417673866747,-0.0018904360823305197,0.0031316704490058135,0.004274240951831111,0.011080383131259242
2021-04-19,0.0044511600322230845,0.012787728523987707,-0.00024344980780552936,0.005955877085090306,-0.006483818248235728
2021-04-20,-0.004234191303658959,-0.00989177699999508,0.0033597342971287236,0.00475580212967894,-0.0011148525070413732
2021-04-21,0.0072729967903297854,0.010389372758263994,0.0024658279289875777,0.0030209237897184365,0.0018828881501962301
2021-04-22,-0.005670700300462532,-0.02700376754592878,0.0038658546637866794,0.0010175889432728564,0.011269361262192398
2021-04-23,0.018170474704309835,0.018228574012161367,-0.0019090019433349547,0.0033189232128751755,0.007351133679343853
2021-04-26,-0.005676310542859671,-0.012083889370470583,0.0031156922037620218,0.0029386547814340145,-0.016725245724978362
2021-04-27,-0.010744932249309818,0.0012214805788329473,0.001588433143583416,-0.002323095634188972,-0.0006700074717876484
2021-04-28,0.0003693834299728794,0.0068946066947626955,-0.0034302949399609224,-0.0055537450405384135,0.0024636227964432195
2021-04-29,-0.0010848027076094334,0.005712370351804818,-0.004423410184374433,-0.0034722941872639603,0.00958720924642384
2021-04-30,0.003020757064090185,0.0038169778474935988,-0.0003075000832062298,-0.0007967987488221803,0.0007922075837923254
2021-05-03,0.012555631491840823,0.011680577758086261,-0.0034431376437261034,-0.0013949169475190506,0.002643335809817852
2021-05-04,-0.003369401612937125,0.0007860994875947484,0.0018130940133996012,0.003386113643061946,0.00999018730348259
2021-05-05,0.005525638871413139,0.0011503038320341947,-0.0017824872914718958,-0.0005536135456405383,-0.0019517017768181932
2021-05-06,-0.014705421170893842,-0.018537714687317845,-0.0009504539158940821,-0.007445479689669808,-0.0026865982157202725
2021-05-07,0.00885628827232065,0.009552123229139634,0.004619880419358467,0.007851216988855072,0.00011515139024236907
2021-05-10,0.000263959135292553,0.0016119964786309746,0.0008661164539603171,0.005074361941079413,-0.0061430458938559465
2021-05-11,0.004981635103380807,0.005592136401555301,-0.0029089666821094638,-0.000338910875216244,0.004090684341257005
2021-05-12,-0.005761151130039863,-0.00528486168032717,-0.003395948066747616,-0.008200215050767751,0.006149516018876895
2021-05-13,-0.0026788972147443416,-0.007929222659256139,0.0007086541852199765,-0.0016157621874995382,-0.0012881988173090086
2021-05-14,0.004398573171703985,-0.001206487813854165,-0.0019131238491045415,-0.0007756787740752081,0.004224473031371834
2021-05-17,0.009547019471410742,0.0047501567682990894,0.001746617162654441,0.002834317087441756,0.013378403419207248
2021-05-18,-0.010881594471624505,0.0006013082452978013,-0.0012937519795329308,0.002247317412327327,-0.0008613145797015867
2021-05-19,-0.004938287610417935,-0.00583378548197722,0.0015594387432079125,0.001781807752160708,-0.0009783232457526232
2021-05-20,0.0005210438004888893,0.003963476895604331,0.000274618186212222,-0.0018108636565157639,-0.0025771314952299294
2021-05-21,0.0019252178545584148,0.007981697020125574,0.0034519116372179787,0.006522470042854216,0.0013868912168713376
2021-05-24,0.008540070448429606,0.0017844208372504724,-0.00106523491199596,-0.001870173225992626,-0.008705402140681934
2021-05-25,0.005808224633162307,0.0070011282166881445,0.0032895264732607735,0.008580886455888732,0.0027797492641285595
2021-05-26,0.0037217889905826807,0.002923727188716062,0.000654381671378104,0.0004181440288491411,0.0032506879897788873
2021-05-27,0.011319460049822322,0.0013254665820063695,-0.00041794134585695854,-0.0009029916672069519,-0.0038883157030673975
2021-05-28,-0.007809951466385062,0.00023135594795165384,0.002840406647427896,0.002595915826283262,0.01006353993577093
2021-05-31,-0.001477765953628463,0.016658846128648923,-0.0004848137584987893,0.0011121761889994351,-0.0048342766298340705
2021-06-01,0.0032721056025078617,0.00794383461454939,-0.0004354955485858669,0.0054800547601615065,-0.0014880085581362446
2021-06-02,0.0015589380158212676,-0.001972225117572962,0.0005834332163125906,0.0007440969188571794,-0.0017492325572914624
2021-06-03,-0.006210933899263468,0.01165605842772789,-0.00022859679577110485,-0.005183574378676763,-0.003806791570856828
2021-06-04,-9.845716764905976e-05,0.00280106012197939,0.0011459322833260925,0.003104803198682468,-0.0040090691502198
2021-06-07,0.0029824085498398743,-0.0028503010082197547,-0.0016486964174413697,-0.0040349618834314566,-0.006307150705416341
2021-06-08,0.006410305351248489,0.008948319048493662,0.0014055415941365977,0.004290780428728775,0.004479592206653037
2021-06-09,-0.01044681529809261,-0.00519151714030829,0.0010370251123300144,-0.0006709964979929237,0.0006188134907501796
2021-06-10,-0.00636038003089449,-0.012682161777639775,-0.0009334500830920449,-0.0024762090891275973,0.0026831926597356607
2021-06-11,-0.006757013714711601,-0.009875473855730113,-0.0005978838377407494,-0.0037088689580452626,-0.0052047158640293155
2021-06-14,-0.016263658909417403,-0.022172080870032588,0.0012396908623801114,-0.008404533925319644,0.0014350310239930487
2021-06-15,0.01582493459950733,-0.0009528225717502093,-0.0014447284305848006,0.0066256215573483,-0.005219645775603538
2021-06-16,-0.006909564245605087,0.004942388557082729,-0.0004775499179746839,0.002116609068396326,0.0002809821806277736
2021-06-17,-0.002465491516271149,0.0007934492580433381,0.0007135400426876001,0.00292903660089484,-0.0036645395373489575
2021-06-18,0.0005260339710978375,0.00020365056572786705,0.0011243739797880895,-0.00038880509591824854,0.005809924332292186
2021-06-21,0.012204596015809553,-0.014237623518074822,0.006602562036233967,0.02884749453349881,0.011586694885626537
2021-06-22,0.010267745726500061,0.009020886888506809,-0.003994833011812229,-0.010741476461646353,0.0028788990448211887
2021-06-23,-0.0028249403469419515,-0.005609807247824136,0.00013154401307311164,-2.0564716303381452e-06,-0.005383656145411789
2021-06-24,-0.003680352245054114,0.006613348472335999,-0.002578511029906356,-0.0019225799739465688,-0.005520512169219809
2021-06-25,0.0030040460112107092,0.006646055406388433,0.0010429126299688818,0.0068550220298583,-0.004661802249958084
2021-06-28,0.007641671119422117,0.002302017058484374,0.00010717078259524783,0.004937537633656808,0.002779924691665765
2021-06-29,0.0019467989477672224,-0.0014097628460687421,-0.0021604088265471657,-0.0012437286366337042,-0.0003382180580224876
2021-06-30,0.0061996844032298805,0.004984592709361028,-0.00263896565844241,0.0009691807220982744,-0.0025321195133654814
2021-07-01,0.002935346415800114,-0.001184846637612142,0.004035074722597959,0.0046407978983447175,0.0007634840385249362
2021-07-02,0.0008240032802139771,-0.003492764808758521,0.000627848539015098,0.005633473932276522,-0.0029046943509128363
2021-07-05,0.0031830528390977843,-0.012059390265962382,-0.00027149207095924116,-0.0018727810913898664,-0.0029508485864111573
2021-07-06,0.004781570284619481,0.0032217685268085858,-0.0005394984536275836,0.0005400224564326372,-0.0053350820887844074
2021-07-07,-0.007671345875675692,-0.001453543988229908,-0.004433632623848864,-0.013435393376164183,-0.0029248640755524876
2021-07-08,0.010147214271239104,0.011727147821683428,-0.0018483735730367764,0.007042621735728734,-0.004354881023879424
2021-07-09,0.00445937350736741,-0.00038470500968413056,0.0012909155611318668,0.003097157987466283,-0.0018840118919494124
2021-07-12,-0.0010071689416751213,0.0004078944176552676,-0.0008460857203503164,-0.00019506952151716872,-0.00313288302896741
2021-07-13,0.004900701830731637,0.0065498381621801206,-0.0004443402238682613,0.00022204103016896007,0.0014577667036313733
2021-07-14,0.005748839269477552,0.020029878356704472,0.002836244607022618,0.014085412896473656,0.020385915812394146
2021-07-15,0.005923538345092705,0.010589972203115288,0.0023208682242035275,0.0015258554398123304,-0.001259290839900033
2021-07-16,-0.002617109749954454,0.0006464022619504925,-9.912522234859739e-05,-0.0009221917093879082,0.005486314982561851
2021-07-19,0.005803503687732161,0.004884928999182751,-0.0018381003059135235,0.0037651092076706563,0.0031269468231689824
2021-07-20,-0.014651761495557832,-0.0166459366789989,0.00160700091029747,-0.001326846912027569,0.006150220822390067
2021-07-21,0.001886060205158668,0.0046207081048741765,5.03784747819677e-05,-0.0006654559414273919,-0.00046308086315390994
2021-07-22,0.00034548302252752574,0.00021636447089888394,-0.0031510959093855218,-0.006011414150002637,-0.00022777600846783414
2021-07-23,-0.0017094819706799831,-0.0029436436398062836,0.0012519685376088524,-0.0024236105162615193,-0.007571125903800589
2021-07-26,-0.0013025652651855093,0.0016185113755154193,0.0025579791308281328,0.005116405478898466,-0.005886881435507956
2021-07-27,-0.0024863351978506257,0.00021230801925027404,0.0009287403333207715,0.0033771445567930248,-0.01113073176284559
2021-07-28,0.0006978114613285528,0.0030999545143387194,0.0019735370097471914,0.00078959919347693,-0.0004468140080488743
2021-07-29,-0.013790513762811022,-0.015158905527014618,8.881793917999724e-05,-0.0086252301291134,0.00134475918480808
2021-07-30,-0.00030757181514103613,-0.017498767514464872,0.0006965459337198547,-0.004457848755974311,0.007203188884179798
2021-08-02,-0.006528331897557386,-0.00644740705921144,5.7347562687061975e-06,-0.0020928490278549956,-0.00015328293560559967
2021-08-03,-0.0010129493115017718,-0.007559862139121897,-0.001992836572033939,-0.0052891408195388095,0.0002385134626445552
2021-08-04,-0.010735668275950263,-0.0007582034376256738,-0.0008048747819078604,-0.012594041032516164,-0.0021310271311450876
2021-08-05,0.001280047339345062,0.0024565370836369476,0.0024091412589325686,0.003638187108818278,0.0011583258352128164
2021-08-06,0.002709224264688155,0.002439463502478076,-0.0009655397152434819,-0.004821474928889104,-0.0006896588450424134
2021-08-09,-0.008008698550913627,-0.017941389330478903,-0.0012780030845023656,-0.01097026020315721,0.004806737063894065
2021-08-10,0.006875444983091479,-0.001894145757029867,-0.001181297537219945,-0.010335503545049194,0.00016672163273948255
2021-08-11,0.0022702711949735416,0.0058288210630616155,-0.0011144689489588188,0.002077643764150133,-0.007011555141593214
2021-08-12,-0.01196018142040482,-0.005629190451637724,0.00549255097833863,0.007912060592380527,-0.00047085789120557774
2021-08-13,-0.013111993751261482,-0.021154574899657178,0.0011759673532005922,-0.006554393936665699,-0.004231121186573016
2021-08-16,0.0009708414723219429,0.002057806766837164,0.003095357811646973,0.006525464746172874,0.009636659776159451
2021-08-17,0.00029648598500899416,-0.0003722452181369812,0.0024582908898787676,0.0006965230332882607,0.017088322601787928
2021-08-18,0.0022859281027200517,0.003946559921511784,0.0008301477802034095,0.0073218811011104825,0.0020886329257512066
2021-08-19,-0.012680343413375424,-0.002511925299549441,5.147978218788019e-06,-0.004799369482203627,-0.011180542878265236
2021-08-20,0.0028459646948282738,7.449121589403942e-05,2.9206985350673225e-05,0.0003767072325787305,0.009381462391972583
2021-08-23,0.012275845129955323,0.010672079469254584,-0.0005646490623697328,0.0033014153150993345,0.007604302719302598
2021-08-24,-0.003282559608813122,-0.005855798999304492,0.003069397546784826,0.0010419597115441353,0.002147260057618677
2021-08-25,-0.018487687262741175,-0.009130814014375073,0.0077793674098442815,0.008456728539386454,0.014774636202895722
2021-08-26,-0.009069811667432797,-0.004800214103104277,-0.0027444542794817462,-0.007277383230769156,0.006263008586333568
2021-08-27,0.001115156108132744,-0.006707670037968211,-0.0037110849100945712,-0.009346638092850261,0.005570413414890552
2021-08-30,0.011269273528946157,0.013017240135794608,-0.004223812471517724,0.002561227000689487,0.0018878974023724586
2021-08-31,-0.007770900473202127,-0.0067558035710007435,0.002581501118443015,0.0011899404218257516,-0.005663336839998913
2021-09-01,0.006232048491220568,-0.009057161530656109,-0.0011369410767716913,0.0038357539585104333,-0.0009077819579014192
2021-09-02,-0.004609898021549931,0.0024042703293720015,0.0036015897931024245,0.007803064503418123,0.004598817370892517
2021-09-03,0.007149687758248601,0.008690633189624833,0.00014084464125513194,0.0033780442525889955,-0.001004786545829832
2021-09-06,-0.007442126752585407,-0.00977246314472784,-3.559086630054591e-05,-0.0026139326442868793,0.00663794894552757
2021-09-07,9.488486526771576e-06,0.003912043013251468,0.002021599590104154,0.0023024217215754077,0.0031127680197956514
2021-09-08,-0.0010384929120479023,0.00412068287358058,0.0012576554392334665,-0.0008123226493844554,0.0018581030667995965
2021-09-09,0.016149924732806596,0.011792827921443682,0.0004056254408976566,0.008151907453338634,-0.007647919287427953
2021-09-10,0.007394009719349781,-0.007265423268902383,-0.002999435277673834,0.0029020949106229807,0.0014107270936111857
2021-09-13,-0.0018076226203938791,0.0007300026300613299,4.390224982694957e-05,-0.00037331727553766204,0.002956715191404857
2021-09-14,-0.0050195781487541126,-0.003498829150497779,-0.0003215504103440198,-0.006046178683135856,-0.003088596971854392
2021-09-15,0.026027579930105627,0.02388577702036987,-0.008112014834719912,-0.010225674419276028,0.0020296810119737043
2021-09-16,0.026769051919250494,0.017523172429942217,0.005173120799709577,0.015618386503425036,0.00590539440953094
2021-09-17,-0.012742839082958974,-0.002981532220311577,-0.00012558877030401842,-0.0009988834492294344,-0.005304893351831256
2021-09-20,0.002332084179152718,0.0039535036916536325,-0.0005516280455306764,0.0016925701978348744,-0.0021045754889465968
2021-09-21,-0.005747093250615003,0.004828901704449081,0.0029170327248453634,0.0005370975728400805,0.0033720844550064323
2021-09-22,-0.011076101075942294,-0.017315975640168693,0.004932880599191445,-0.0061287470443133615,0.011140796330643793
2021-09-23,-0.0019565874479995312,-0.0023921278802272817,0.0011841525558040598,0.0022929595411187473,-0.004228484695772482
2021-09-24,0.00674415111586678,0.005491854897673687,-0.003614727038567094,-0.0026535890884608316,0.006642981407095761
2021-09-27,0.013539395958219343,0.013171224335443625,-0.0035896212937692623,0.0015120584934744724,0.002992533677332016
2021-09-28,0.008574692914977708,0.011829468987798148,0.0007707574531793367,0.0034538169599512072,-0.0034604591471007985
2021-09-29,-0.02276014724591382,-0.013859165486661704,0.0020575371089105216,-0.0020260260114395023,-0.01045644490146887
2021-09-30,0.011909841893806004,0.03006481598964487,-0.0002037302212438938,0.0038847014880260453,0.0024398448201032197
2021-10-01,0.02451136185092485,0.01140154260453426,-0.0005801775073244475,0.0024348113856582773,-0.0009374084970532628
2021-10-04,-0.00020227565280923145,0.007706166536588826,0.0034854298849268583,0.00510981167310849,-0.0013695905758207335
2021-10-05,0.019907043286794008,0.012729871387841934,-0.0019052529285653282,-0.0009597234639875003,0.0071011377349879555
2021-10-06,0.017610290396527138,0.03977055412222442,-0.006056752488183511,0.004104109086032114,-0.004296430202180228
2021-10-07,0.010245170113751697,-0.006914973433205351,0.0038527337123921094,0.00704554927756939,0.0005184229291468101
2021-10-08,0.00525441709959394,7.203149307635849e-05,-0.0013126104409359898,-0.0011278512757072281,-0.005804839569994397
2021-10-11,0.006448836886645244,0.012358748133283443,-0.0015169358378601843,0.0007835279715658664,-0.001433346336286429
2021-10-12,0.004301574420138542,-0.0022044059609961832,-0.002874199277466048,0.0007719336854512045,-0.00203142498549971
2021-10-13,0.015827433325923936,0.014378353670525977,-0.002610976914579464,0.003082799323080604,0.0012702733358509475
2021-10-14,0.006266752710161572,0.012989978182957603,-0.001613150074095925,-6.626188959738127e-05,-0.0008498865968019577
2021-10-15,-0.010361531630679086,-0.010756075648649562,0.0033337030767967867,0.00130495437838479,-0.004769767194371757
2021-10-18,-0.029911261051794397,-0.0012087026134054689,0.0011669926840306203,-0.006517118974198633,-0.002664191131327925
2021-10-19,-0.02204306440824871,-0.0020753395714032106,-0.00024708779816478703,0.00028494456311804186,-0.0027200279429388423
2021-10-20,0.019926860424595228,0.014873870278435406,0.0015138392283633754,0.0066033138570470076,0.00307664812512305
2021-10-21,0.005189267366117069,0.001560243458268582,0.004811665043034584,0.0036281318606578438,0.0024417393081093332
2021-10-22,0.0004333025626736452,0.0033439377192191885,-0.0011179142993168792,-6.557517320974847e-05,-0.0014071990065128723
2021-10-25,-0.011609657495060393,-0.007228402872743581,-0.0011682331817697432,-0.005556788429658977,0.0010307923355622416
2021-10-26,0.006759571776845034,0.008319783810856657,0.0013196349014673095,-0.0021334674500569774,-0.003987625023021574
2021-10-27,0.020817096684377954,0.007305042675626366,0.0004882462279909112,0.002753148565324691,0.001994292350235798
2021-10-28,-0.006771363115105169,-0.0006341622867031063,0.0006011623526876752,-0.0012706355415256297,-0.003852189225004272
2021-10-29,0.003457583875057848,-0.005454543812494717,0.0008983145039195284,0.006987264458378973,0.0038823054156283394
2021-11-01,0.012183325441836432,0.0067431035583143326,-0.006712036972507915,-0.009857392380529174,0.009293228000500375
2021-11-02,-0.008430119666679685,-0.008946855391048338,2.800168855595517e-05,-0.005007297810431484,-0.004615206833895376
2021-11-03,-0.0009778103021083938,-0.012035703752658439,-0.004126559457920077,-0.010369516602320827,0.007316001052637871
2021-11-04,-0.0018791366474612378,-0.0020403745472947796,0.0015500007388653692,0.0009206931427873787,-0.0006933426620873444
2021-11-05,0.011470196567063896,0.01689557766175549,-0.0014733912297507628,0.002723774310799711,-0.009668163441886176
2021-11-08,-0.007475896139495335,-0.0008746416528605391,0.0014564351924805617,0.0011634195300500739,0.0007098684316168638
2021-11-09,0.0007974402851549252,0.005833898122989487,0.002885756476392088,0.007039309289539336,-0.0015293382781657798
2021-11-10,0.018508064645054483,0.01506470058831365,0.001263239248319577,0.008115783822478838,0.002281418833346871
2021-11-11,-0.005751017291040607,-0.0003813291543175163,0.0059237915485987475,0.005505203778979056,0.0017349103709984395
2021-11-12,-0.004780978180436937,-0.006488552036557968,0.005207824834070611,0.002116163527438584,-0.0006186311993874104
2021-11-15,-0.014690313254706667,-0.014496414678938764,-0.003983283317872217,-0.006975648881094826,0.011414661785873206
2021-11-16,-0.006362612275928499,-0.02306786636247519,0.005365449178470479,-0.0014068340869478019,0.016392966103455853
2021-11-17,-0.0015834953865873297,-0.004231873816704469,-0.000215675984651496,0.0006009076000218956,-0.0017158080266086498
2021-11-18,-0.0041573744856592066,-0.0046936501336672905,-0.0033579093859754288,-0.003479370885222457,-0.012278982726077352
2021-11-19,-0.003569014245470383,0.0018945713453215362,0.0011816891250468215,0.0019198020836749766,-0.0014814105688836909
2021-11-22,0.007461204177425486,0.010473687343332714,0.0004719469071323442,0.004584216984630257,0.002799541234355346
2021-11-23,-0.0029734832012617302,-0.00973215954601951,0.001269649007261773,0.0011371410252921656,0.005853275466954619
2021-11-24,-0.02248880102128513,-0.03632172929303096,0.005259426953227591,-0.0029021592606627788,-0.033310822179694506
2021-11-25,0.002625304953417896,-0.007687986505112432,-0.0019056843985407845,0.0006186268433196042,0.009987219888367106
2021-11-26,-0.012419463819848124,-0.015431886811018604,0.0009583055335528358,0.0023757364196987417,-0.010470743963818452
2021-11-29,-0.0027811817399658765,0.005854881331441351,-0.0004662113817974182,0.0004257852570207379,-0.011650991261422149
2021-11-30,-0.0015287703277003825,-0.016433880556786108,-0.002996264834015566,-0.0016101662853493619,-0.003065076246811085
2021-12-01,-0.00318125777219454,-0.010707392880538258,-0.0004616274727047187,-0.0006519816017218209,0.010393256393686049
2021-12-02,-0.019375886623503875,-0.026411807415694627,0.001599518198138218,-0.0035791419255561054,0.0029822174365925574
2021-12-03,0.0017063642969933719,0.0002701399290676666,-0.0007971827556355531,-0.0006846448477273205,0.0060901782263648365
2021-12-06,-0.004596959062626002,-0.005145262347043873,0.0006214041117915657,0.001886006200522704,-0.0042095912343866945
2021-12-07,0.0074733740004706214,0.016247116422995925,-0.00047813823241122673,0.0011890272034571782,-0.0020928370505473907
2021-12-08,-0.0017290092616452845,0.004346625001477808,0.0006082374952856809,0.0008548436724128399,-0.00847798626570269
2021-12-09,-0.007696117283066953,0.008298679756865499,8.212029470279708e-05,-0.00238786406249589,0.011043910993184636
2021-12-10,0.0018226128812300806,0.004905276655772658,-0.00024385367885410573,-9.337329803466241e-05,-0.0006123925560866896
2021-12-13,-0.008617963886085484,-0.009431720337410517,0.001002818173270892,0.0017649478195036657,-0.002341393293625673
2021-12-14,-0.03111343420323897,-0.032773530014575114,0.011022376145520641,0.006398208038900049,-0.01001331243843531
2021-12-15,0.009259068961380503,-0.0005998481787699193,-0.006780162701921625,-0.004032027132701579,0.001045824144622042
2021-12-16,-0.016688949211887488,-0.022882998776813063,0.0012262986462475583,-0.003276491106092254,0.002907117347770017
2021-12-17,-0.019749174536322047,-0.00845959648094854,-0.004744209453922503,-0.0012103928101702935,-0.024271060289236018
2021-12-20,-0.012076971834489022,-0.0065295329461007405,0.00639579168570681,0.0027467349782124583,0.005188751367485927
2021-12-21,0.0003966279872839642,-0.006236029445052604,-0.0013785631765496729,-0.0027928587556665593,-0.006464682772880567
2021-12-22,0.0041457502704885345,-0.004414633377281443,0.0007776840431711124,-0.0013146298220874585,0.005468633375823883
2021-12-23,-0.007955338997118887,0.010617936571601254,0.002302210335232814,0.004488981331402842,-0.01426302652171989
2021-12-24,0.0010359364003567296,-0.009215371316794304,-0.0018759062753097738,-0.002111384667024512,-0.0074464055880870805
2021-12-27,-0.01029569890659345,-0.01773600995393731,-0.005772346532601857,-0.007920717626380113,0.004640171556875089
2021-12-28,-0.00919725507187299,-0.014313234649494749,0.004294759685146047,-1.820153349310402e-05,0.0033453949647006573
2021-12-29,0.00670979626705363,0.011380929920455918,-0.005736906125045497,-0.0027878655226502994,-0.013849272975406699
2021-12-30,0.01822386762503576,0.007236340156361801,-0.004187347152347667,-0.0008739745624922115,-0.007121200059331993
2021-12-31,0.012266116617464847,0.02593695633905644,-0.0022884449954206467,-0.0006924804169614004,-0.014215308340517815
2022-01-03,-0.0028324967294554074,-0.005765939001478709,-0.0025117930185454044,-0.0016780628003520432,0.002890158248024358
2022-01-04,0.002672744282121757,0.0005852032828337413,-0.0029682647848471937,-0.00039793021018971086,-0.0014215198469165195
2022-01-05,0.015734684169827668,0.02564656606496633,-0.009733835367158428,-0.007718850892227434,-0.008146905882144806
2022-01-06,-0.007911943616838493,-0.0026409696080349028,0.00179636869442882,0.0015257432350772365,0.0005112594159820407
2022-01-07,0.0019651301855405073,0.010206747369874678,0.0014317461895046375,0.0018243041598130583,0.009321853675128545
2022-01-10,0.001513854629944634,-0.0013586154902025006,-0.00371533804104892,-0.00030376337656952846,0.0088919407418884
2022-01-11,-0.0004090098386232791,0.01383821946704052,-0.01011081115283412,-0.005815155108720421,-0.0035086867750386227
2022-01-12,-0.006995393550868358,0.013986999731947294,0.00044432585098201784,-0.0015145196919272483,-0.00043025351154889885
2022-01-13,-0.021151631404872202,-0.0288443207604197,0.007170921990915359,-0.003033107669475825,-0.005357572017994579
2022-01-14,0.013993582059546879,0.02689122544085107,0.0011853301228190874,0.00306975142407198,-0.0005065853219771136
2022-01-17,-0.008713449469806388,-0.01982526956828177,-0.003969773274845019,-0.005758668104638054,-0.007187954078240587
2022-01-18,-0.018003144280311602,-0.01745420700308216,0.0026833270041702077,0.002279254640165514,-0.00888489884317361
2022-01-19,0.0060272451123067824,0.011947089722238364,-0.002247992410491074,0.0031178241090128625,0.007113387813691172
2022-01-20,0.005225958133615629,0.0019111194030457185,-0.0023638365363103132,-0.0048969698747347926,-0.004774690973711982
2022-01-21,-0.0042108654266315906,-0.011716196714464572,0.00155100950235321,0.001789394999569824,-0.005232514758210749
2022-01-24,0.0033916777411878273,-0.007100319762384968,-0.0014587859176077224,-0.0023473587206814845,0.006197419406053326
2022-01-25,-0.00638105878243061,0.002477814624382769,-0.0003480441016529465,-0.0027535806687122625,-0.008229520474557378
2022-01-26,0.00280311692844087,0.011209136456894798,0.000856344631893717,0.0069636354264939375,0.006535387568238148
2022-01-27,-0.0015240374533231757,-0.0032739106062977586,0.0011457415175061781,-0.000805506247619924,0.006188237340657015
2022-01-28,0.004038057288480547,0.006763232682623284,0.002375271141845894,0.007906771587482023,-0.0012372295170306837
2022-01-31,-0.0009436048475438885,0.013610389941886193,0.003828062649966905,0.0029110464358631243,0.0008881956904109898
2022-02-01,0.0015239357613517925,0.003963593138703581,-0.0034825454410019815,-0.005568508039988818,-0.003362695906242108
2022-02-02,-0.006527716571301186,-0.011367538491449725,0.002359959872601846,-0.0005748620150173376,0.0017045797410129553
2022-02-03,-0.007432768537354338,-0.010834889709944052,0.0020987852719287817,0.0006057153846510482,-0.0038916677287467085
2022-02-04,0.0012707472037001167,0.014758594105267055,-8.417092677358997e-05,-0.00036324535469081263,-0.0005334265555386785
2022-02-07,0.0007425301589739226,2.255852233114784e-05,-6.491809816102522e-05,-0.0022846514233664846,-0.0023838201952533374
2022-02-08,-0.0014091982339648683,-0.003376972212305955,-0.0021992280679201466,-0.0030661028771621236,0.0004112338910470521
2022-02-09,0.005507954283809494,0.005572476224385757,0.0005353902716275414,0.0011377496797322873,0.003666234248255759
2022-02-10,0.0035162952958886526,0.011131014571617458,0.002124249086628025,0.004958548916919474,-0.0011661978544653083
2022-02-11,0.0036770186147303966,0.018812018786025873,-0.0036879444251898055,-0.004417449767612231,0.0022724678136636597
2022-02-14,0.0025415620266171237,-0.0018269242677779085,-0.0003126482958929394,0.0001304076817538127,-0.008806157056594805
2022-02-15,-0.0009731050357226011,-0.002090678421123841,-0.00021092210817315316,0.0020754916303563037,-0.007095306559110804
2022-02-16,-0.004818262797377943,-0.022410174802305574,-0.0007076901769622916,-0.00391243517648343,-0.0018303132580869239
2022-02-17,0.005372995022861029,0.01181492208309968,-0.00022124967854743555,0.0011975930110012497,0.004533501681459988
2022-02-18,8.138251136218124e-05,-0.0075377471612345336,-0.004969240239740037,-0.00637936832741592,0.0048339529322161305
2022-02-21,0.011410933074794006,0.015480331347195285,-0.0024927600588706385,-0.00043247063634813875,0.003748564213604212
2022-02-22,-0.011662324683788982,-0.01057319091443217,0.0031099516495013396,0.0003216199551682697,-0.0018065687784167405
2022-02-23,0.004239360076173378,0.006155124100134785,-0.0022610711294977783,0.003197946402887771,-0.004356228786754205
2022-02-24,0.010875121930038744,-0.021054675632027786,0.005673699832690467,0.012823618488740878,0.0001311445242115865
2022-02-25,0.003238673388995364,0.007005271725201433,-0.001546791373103464,0.0008576010523231226,-0.003658077941735369
2022-02-28,-0.00350300097469244,0.0030844670811344616,0.0026711767266148928,0.0002918993663445106,-0.002257553124818961
2022-03-01,-0.003408884711875542,0.00028126863166411803,-0.0018969607720237455,-0.0022090035740238026,0.0019236522817356284
2022-03-02,-0.0005618565216921472,0.008576152334287492,-0.0009848728653626766,-0.0014074065467462274,-0.006429941453801165
2022-03-03,0.006278847461049549,0.002612721816140452,0.00037186915168029613,0.0022112578297469264,-0.0038889675718888506
2022-03-04,-0.003883679039859239,0.004862435867968346,0.0008781151062198552,-0.0023958907261357578,0.0023928196175600565
2022-03-07,-0.0005758738859519752,0.017915468665400096,0.0006960243240082924,0.0008429238316266154,0.005588059318788532
2022-03-08,-0.010414690088220145,-0.011941584410925656,0.005148390440726794,0.0015353013141648237,-0.006962044756737091
2022-03-09,-0.0014251953945115942,0.004521479503961694,0.0007840019648737014,-0.0005626424829128698,-0.0016455018929043214
2022-03-10,-0.0022772221548262913,-0.0009475763622346818,0.0025547724098369494,0.00324266917413272,0.0011234154040263198
2022-03-11,-0.008861330106436728,-0.01875207288730901,0.002200822373446031,-0.004324792077228187,0.0009694635534686937
2022-03-14,0.001952932515196472,-0.004316023459351131,-0.0022539459499689215,-0.001998800672245313,0.002051723861879866
2022-03-15,0.007777177995493171,0.013396233314112526,-0.00034792107235231674,0.0006365168488264314,-0.004334078041351486
2022-03-16,-0.0022901908745893962,-0.0005771775819788274,0.0008321675255149111,-0.0030461381553556236,-0.0009367501831316387
2022-03-17,0.008123873967506905,0.009768593199725749,-0.0038901324171144347,0.003726929530860211,-0.0032351138115152196
2022-03-18,0.0031391844286744928,0.006425563087565686,-0.001215692055509428,-0.001720853456122611,0.011934022788636707
2022-03-21,0.006107697198803764,0.01141409448315142,0.0008470367862659844,0.0010419318102781142,0.00779579037183451
2022-03-22,-0.0035817253191175614,-0.002703696092641238,-0.002358482377266834,-0.005990825414760033,0.0022569444012974322
2022-03-23,-0.003543786973605693,-0.012754491702442606,0.0012501549986698227,0.002924574688599454,0.004094105777813691
2022-03-24,-0.0015787328893860468,-0.0017188267880245988,0.002454865551590303,0.004623841108253836,-0.0030762030324594327
2022-03-25,0.0003725717773238094,0.0015939213877918053,0.000843839443361016,0.000868335537329753,-5.219824404745582e-05
2022-03-28,0.011108045434558832,0.021559843815348898,0.0006143601339615628,0.009650952820330547,-0.0049304763388661075
2022-03-29,0.012767533537206272,0.01920673098920476,0.007666832337809193,0.01100908478304376,0.00028437722711608537
2022-03-30,0.002481497577477565,0.005008634560199896,0.0040516656883148126,0.004164325566129,0.004982854186634704
2022-03-31,0.01698131179105812,0.02956776959970807,-0.007255939823803097,0.008210873153916961,0.008445849547963373
2022-04-01,0.004823275589501009,0.00733441303844569,0.0003737052843067122,0.002011247636365213,0.003702799098290212
2022-04-04,0.0004943447175235065,-0.006642538872064176,-0.0035512693367621604,-0.006091707616901385,0.0019443077358109622
2022-04-05,0.00011148302461689129,0.001177017344895871,0.0010565552570100645,-1.073110205287726e-05,0.005437963828096088
2022-04-06,-0.002465469338562079,-0.007359483905227566,0.002347327427230509,-0.006141774993953964,-0.0019213089223484772
2022-04-07,0.009528505858913872,-0.005800368852377225,0.003754157822150063,0.012481682612236818,-0.002997536226317871
2022-04-08,0.0015151581288565556,0.00643938754436236,-0.0009287439170841709,0.0016505131296408843,-0.0029037247722632628
2022-04-11,-0.003313517952649213,-0.009418689945331685,0.001407385556955967,0.0036901215333288453,-0.0020252103845669863
2022-04-12,-0.005930195307503192,-0.011769640944826286,0.0013524945351201742,0.002665744216202928,4.6010118009167964e-05
2022-04-13,-0.0027209611789173974,0.0027638555833700753,-0.0004539491291908301,-0.0026079329540323265,-0.004996837097581413
2022-04-14,0.011593106349404133,-0.007150559421460102,0.0016723780171389892,0.00385042800001379,0.00018219366936840037
2022-04-15,0.008633342444082034,0.005671019531183741,-0.0018156356821267092,0.000689154782583491,0.001703467174078197
2022-04-18,-0.0015745428681401348,-0.0070874374351806435,-0.0010829450724569283,-0.00025136571465476687,-0.0006216378872097212
2022-04-19,0.0023973751670359096,0.0013265567586507486,-0.0012313457674108974,0.002396443901200071,-0.0018793141616554893
2022-04-20,-0.0032132224720651426,0.004287193744590209,-0.0017016840905229353,-0.004400410391364282,-9.000323959353269e-06
2022-04-21,0.00023986440813770775,0.0017430998072325147,0.004912553988144416,0.006795809016502311,-0.009529810555984775
2022-04-22,0.003048885875373023,0.0032848191451841586,-4.0091825610632045e-05,0.0020464889571049426,-0.000367146777051701
2022-04-25,-0.0001821544426641998,0.004028299632160911,-0.0016327981135084541,-0.004691118749448103,0.019063659184680944
2022-04-26,-0.005433326743306394,-0.004506790994924838,-0.004198036414074594,-0.0066094161229143895,-0.009826540594804013
2022-04-27,-0.0028212177594045757,0.0033965896392781636,0.0016635978987426196,0.002864120011436509,-0.014538350757319369
2022-04-28,0.010770497149911315,0.004482230616565155,0.002785152115287211,0.009656705165939014,0.004771609111524994
2022-04-29,-0.0051866066306438165,-0.003642520847849509,-0.0006923420752834942,-0.0029875322763667296,-0.0024840091322114355
2022-05-02,-0.010276999144923145,-0.004290697473594896,0.0006941790867258215,-0.0042023569923381,-0.0033750543752493044
2022-05-03,0.002511405756080207,-0.0018710248906563974,-0.005098608987262849,-0.004835061958739198,0.0015099810708594612
2022-05-04,-0.0008509054000375038,-0.004944990462080836,0.0003185738327552125,-0.0037493764883291545,-0.0031410099809216466
2022-05-05,-0.0035767465529325864,0.0002515164728868577,-0.0003763763043045462,-0.002606940984172992,0.009658444755397844
2022-05-06,0.002811794820340855,0.004074008685225867,-0.001198654851002551,-0.0019552037312632726,-0.015503825108372912
2022-05-09,0.006461515777652523,0.007321959475125666,-0.0008859556707646865,0.0013476039334030286,0.005899564955753039
2022-05-10,-0.0042364096707690636,-0.004548461626692012,-0.0008310212461908181,-0.0006989238419464006,0.0009586187443598508
2022-05-11,-0.015916293194520446,-0.020725639877164144,0.0008841074045167637,-0.00695408163795369,-0.010086241044600796
2022-05-12,0.011697530798361645,0.011588670700272962,0.00017820173054771088,0.0028526595509960058,0.005960567308435157
2022-05-13,-0.004202100755792348,-0.005953287786818908,0.002296997709492766,-0.004817153943347703,0.02203420294711976
2022-05-16,0.0012974704998315197,0.0067677831818964635,-0.0018292646459614295,-0.0033144410195590605,-0.007431750615989015
2022-05-17,0.0024850136367031905,0.0026784555650675814,-0.001336481973858926,-0.00394947241035971,-0.01102144619649806
2022-05-18,-9.086495865357234e-05,-0.0024170535686918806,-0.0013427310700168398,0.00177205592580124,-0.004114364429709387
2022-05-19,0.014332440386845082,0.00797186819646714,-9.569122355034012e-06,0.004315598972085952,-0.02067853500604498
2022-05-20,0.010910436972587017,0.007981262254750907,0.0009623196461075833,0.002757322197506065,0.0018095648895627486
2022-05-23,-0.006397546450353465,0.001583040295087814,0.0010063252043446698,0.000701778112574253,0.010554629475260868
2022-05-24,0.009442667414307396,0.011196018016477762,-0.0033514793834432915,-0.002839208014777297,-0.009040757154892661
2022-05-25,0.005095978098616205,0.004765190419390733,-0.0027385189461794665,-0.002055608876570675,-0.011913170843977907
2022-05-26,-5.2744519820960224e-05,-0.006064480388842065,0.0008772479517784855,0.0011498647337358646,0.012746203331398327
2022-05-27,0.008692206464860427,0.003998008276223167,0.0018837489503488465,0.0002878996223020915,-0.0055714306309273005
2022-05-30,0.0027864966218751628,-0.008859209533977811,-0.00018804050192821844,-0.0023306103475133687,0.004503845615612584
2022-05-31,-0.012074750765613167,-0.0061294396640631755,0.0008158903741784756,0.0023223963677415586,-0.005447931541506854
2022-06-01,-0.011040524688001317,-0.010538646236726701,-0.0045353297002159185,-0.006315966626637637,0.004969022827269141
2022-06-02,0.018417058701515557,0.010837792171048213,-0.0015830970139275118,0.0019120383406397495,0.003685006926884638
2022-06-03,0.004971368458726616,0.0031058114850071343,0.0031729829489488036,0.002613709451962634,0.013890404890309396
2022-06-06,0.00478581821190021,0.0033202093101615533,-0.0009145312244161854,0.0052226011250262805,-0.011136144777741875
2022-06-07,0.002539026585878961,-0.0016444639313625247,0.0035948838977236924,0.005991912191941441,-0.004663168086391087
2022-06-08,0.007706719392818582,0.007706620411277662,-0.002576915693919585,0.0026728479336785966,0.00232595017789265
2022-06-09,0.0017668018408364605,0.001161004971274059,0.0008447168865638546,0.0018052621898088578,0.0005351713252473491
2022-06-10,-0.0034002422337891147,0.0036742167679290547,-0.0015021446561915793,-0.0013611057470035042,-0.0035786992416022546
2022-06-13,0.011248370649428057,0.004535627798584779,-0.0020055103886987458,-0.0009278677662916469,0.0037272277195208904
2022-06-14,-0.014216674534689172,-0.012458017500304919,-0.005630605184355838,-0.008806360485206865,-0.007871643782413932
2022-06-15,-0.012191151933636589,-0.002721221239911878,-0.0025532896623937547,-0.0036595974073574426,-0.008140859780996877
2022-06-16,0.013606806638983239,0.012357714797184742,-0.003283501259382127,-0.001494894524192439,0.005117933542932504
2022-06-17,-0.0021768193058077394,-0.0021875195543335406,0.003602655512331566,0.0010991928238200817,0.0029975449481455117
2022-06-20,0.013090275863080604,0.0150280355267975,-0.0014361346008889115,0.0014504220922743772,-0.017234568778020664
2022-06-21,-0.011825042288699357,-0.00584690350277944,0.0002986702402835745,-0.002166583338134939,0.009148101811247446
2022-06-22,-0.011163962170329129,-0.00868066463290504,0.001183347674394075,-0.003113502152167184,0.012768024002759884
2022-06-23,0.00797577894754911,0.006878970992594088,0.0036808743506206204,0.002445250429330209,0.0044503461968296056
2022-06-24,0.004147324930420322,-0.002865599633097965,0.0007131025691208346,-0.0014920881758829748,0.009745946205181311
2022-06-27,0.018928535633525555,0.015716340497522942,-0.010178343293886968,-0.008771401733741043,0.00979015201037885
2022-06-28,0.00047432176054520834,-0.017168137289609562,0.0049757471696253155,0.003115802217131686,-0.004850999964852469
2022-06-29,0.006033029276671369,0.0020301635827149485,-0.0019343007034965543,0.0004887998145195076,0.008204308335716637
2022-06-30,0.0131263950233727,0.011834181117633439,0.0004324528061018614,0.0052754391165586835,-0.008755962107799798
2022-07-01,0.005799002171559982,0.00025696731491881556,0.0006095369489969151,0.001178144402548772,0.004797754420574327
2022-07-04,0.00160497551697239,-0.02182077395807772,0.0006639160218475074,0.001407850360870552,0.0047794105245757374
2022-07-05,-0.0007734962101689978,0.011962629637891306,0.0011802710052796785,0.002517228861851179,0.007176058812623626
2022-07-06,0.006529298711374278,-0.006556606430998149,-0.015170013139817747,-0.013344636274031884,0.009859585937213085
2022-07-07,-0.00356963238683413,0.003751693713880454,0.0013954216980845246,0.005151040254561667,-0.006143676645105023
2022-07-08,0.003563989099410478,0.006166674057174919,0.0056471394879132894,0.001033869780754602,0.0008721967917225862
2022-07-11,0.006343273829695673,0.014756668976130231,0.00031831917101744035,0.0023131763731261356,0.005224302316622113
2022-07-12,0.008287710215901137,0.0051716423167651035,0.0008340998357197773,0.007115397393654703,0.013986905832886462
2022-07-13,0.006061616757326598,0.005961374489194417,-0.0008223349132983175,0.003170312210993348,-0.001571529921106278
2022-07-14,0.0016316780584365444,-0.004734317880255345,0.004839120506413465,0.0007690418937074993,0.0005425655774422503
2022-07-15,0.0010880976810314614,0.015170608447692803,-0.002031554802101654,-0.0022014709690407054,-0.00435655142903827
2022-07-18,0.010383680229508948,-0.004747510983335737,-0.004349405503914992,0.005516387941308505,0.00044041167916270056
2022-07-19,-0.007325639508895888,-0.007075132514559189,0.0010750229722129034,0.0003263166412871855,0.009513655827052972
2022-07-20,0.0034403697842934847,-0.0003886565302276635,0.0029207250617542912,0.0011357736889968052,-0.005220672157514574
2022-07-21,-0.018849744964081847,-0.030887454818521225,-0.0028457161821580992,-0.013478537513059994,0.004921479515215312
2022-07-22,-0.011378381663672462,-0.03908813060106573,-0.003143213872260382,-0.010576043486933138,-0.0034866603643848764
2022-07-25,0.01563598033737307,0.013035104132552561,0.002326639630152301,0.00798676482721411,0.0013853806047487848
2022-07-26,-0.009052311376467805,-0.01142446254386664,-0.002354626811306098,-0.005306723248398799,-0.002870849934557939
2022-07-27,-0.01496343286655835,-0.0010311404866115554,0.0035808828905445054,-0.003099061044609293,0.0021018962091351643
2022-07-28,-0.00030629186344191875,-0.005571525797156363,0.0002316821789409662,-0.001544857887169975,-0.002768812709821423
2022-07-29,-0.010025359372246564,-0.012754405034640894,0.001955293476332333,-0.0028222611066648032,0.01035730893693925
2022-08-01,0.008666245552758004,0.020610458638466285,0.0019543783018149924,0.011487289949919757,-0.007124421951937975
2022-08-02,-0.021261987195036088,-0.026996829094721616,0.002967688484623094,-0.003742654264480458,0.0011712505003226236
2022-08-03,0.012012477078247083,0.015884514889056855,0.0013766323746238784,0.00292203289561027,-0.003591361942631982
2022-08-04,0.017331577814251965,0.01916600027800425,-0.0027268716844481337,-0.00012739573375733314,-0.002814409622329418
2022-08-05,-0.006660309830381586,-0.0178486682180042,-0.003394337221071048,-0.006966489344418461,-0.003356313014167351
2022-08-08,0.009880353913967826,0.012733968780586786,0.00013231153997477865,0.0012118392986422656,0.0006737268600738168
2022-08-09,0.003747163155888419,0.010307174806609006,-0.00039059070464091513,0.0039707681736785025,-0.001365428435594761
2022-08-10,0.006481267674124764,0.003258211134032482,-0.004076543226417857,-0.0026428954361329454,0.0022148836124129064
2022-08-11,0.0070403929681618835,0.011844423962848299,-0.0015194839362298626,-0.0022879922826633766,0.004507147836079629
2022-08-12,0.004234623121905603,-0.00038530229518156633,0.0027447720915676874,0.0016388130735945782,-0.0008522982563894307
2022-08-15,0.007785927397743678,0.0116510256631242,-0.0008895737839028461,0.0018202856915423046,0.00027269727652807894
2022-08-16,-0.018094599000975167,-0.024028035218172886,0.0010149896597783051,-0.004894734626668246,0.0009375341653995292
2022-08-17,0.010575659330124212,0.008143430861181999,-0.0029665794603619218,4.809455486987791e-05,-0.001917432287488249
2022-08-18,-0.0018167636091903612,-0.0050954376409596035,0.007792194990350373,0.00022359942102869926,0.0027573151978361847
2022-08-19,0.00020427732055586586,-0.00599723070573284,0.002770493001229407,0.004051842048057831,-0.0003458847673540648
2022-08-22,-0.0016108338747683384,-0.002229167335354019,-7.50344749878474e-05,-0.0006332486632718611,-0.0005681411757663009
2022-08-23,0.002003396684872248,0.006621188266673407,-0.002991883997991366,-0.0037789020710137923,-0.005899347108961581
2022-08-24,0.014296462403842553,0.017818167567596164,0.0018998048356029381,-0.0007531838680755881,0.019915420006084938
2022-08-25,-0.009066071619141402,-0.0066268982812362435,0.004873542879306124,-0.0017876592768623042,-0.0027700289688962904
2022-08-26,0.0029251286235529193,0.03887754908661734,0.0013880778905884241,0.009545022731518985,0.007636357888136867
2022-08-29,0.0029293947753164028,-0.0044382471995139785,0.002492785515763514,-0.0003831298292622237,0.012098899538461357
2022-08-30,0.003023828880205616,-0.03745756471862418,-0.001803430152967996,0.00019266255177839806,-0.0030550031400577706
2022-08-31,0.008028182817590856,-0.0003031979887428607,-0.005492733552859014,-0.0034341140205404364,-6.856879264199625e-05
2022-09-01,-0.002627610698460496,0.009170576424272872,-0.0023922251563200836,-0.0015438449125537396,-0.0012375209199794327
2022-09-02,-0.008431536216145964,-0.021919248561067396,0.0007449186710482738,0.001155005347104731,0.0005159560749668
2022-09-05,-0.011111596177082957,-0.04351806918817026,0.0026616353042755426,-0.0019223431967734918,0.006928899455736998
2022-09-06,-0.007368959793264057,-0.008214068359435136,0.0031521311388220266,-0.000191942000792016,-0.0017786254657094205
2022-09-07,0.0003962006472167249,0.005509536908549927,-3.4425065099474337e-06,0.0018804253270838468,-0.0032841715534448227
2022-09-08,-0.005684153664409314,0.0033178083911215355,-0.0004845907458472538,-0.002164456157696304,-0.0005318077435775182
2022-09-09,0.0007348592001482178,-0.002942000974591694,-3.983710640047826e-05,-1.820969038057179e-05,0.0012113105233529506
2022-09-12,-0.026450162215627886,-0.012141043125822168,0.0013421398800401397,-0.003077623301848171,-0.014684418873166209
2022-09-13,-0.006000503050492734,-0.015915006096602534,0.00526417215067039,0.001603053208945642,0.009438636687010426
2022-09-14,-0.008173273093101438,-0.015630247531896985,-0.00037554030575159597,0.0013332155618519114,-0.019819919488569513
2022-09-15,-0.015353169957611424,-0.042103839886860735,-0.002664248986382892,-0.007768341025818724,-0.014958639204606395
2022-09-16,-0.007721655403955607,-0.0364167439336496,-0.002458872486306668,-0.0017558481897750982,0.0007717683894338207
2022-09-19,0.0018875499010186296,-0.008878478842912712,-0.003684953354840761,-0.0054341901301444544,0.0009862554375458803
2022-09-20,0.013396184895798358,0.03788531249079358,0.002016925094018023,0.002837794657534204,0.003496473034611488
2022-09-21,-0.004439321050246316,-0.011149114899018018,0.00847232394959773,0.0007233725537238824,0.004969311443213276
2022-09-22,0.009539507770164418,-0.0006957380890802918,-0.0023928052691347505,-0.000870052078855218,-4.754141080485607e-05
2022-09-23,-0.016839339393454056,-0.01689760221759576,0.003747608379028771,0.00044024540210035006,-0.00841711278909594
2022-09-26,0.001349995220024359,-0.012209993096593492,-0.001432127095539508,0.004686429369024017,-0.003706448787476149
2022-09-27,-0.011660202308038953,-0.014014867304520158,-0.0036179855120868206,-0.007731950642566741,-0.007093771005178414
2022-09-28,-0.002688022135831254,0.0036400255778578612,0.0014777532876081405,0.0016900860959404506,-0.005773015223542167
2022-09-29,-0.0037462841937013695,-0.00265965920587206,-0.0012089426830279297,-0.002305249552508158,0.002197086189224562
2022-09-30,-0.0022958244301603645,-0.0011404035623625618,0.003996535273806212,0.002560836945222811,0.007416778010909769
2022-10-03,0.0032670864238727114,-0.004863368869664476,-0.002237325982664899,-0.0024421441714399133,-0.0026715934553116568
2022-10-04,-0.000434819671479328,0.004590877390375526,0.0033648436217179243,0.003429624331282114,-0.0022873525345403277
2022-10-05,-0.010020437599991917,-0.012390284526160254,0.0008487277410299809,-0.0016574222371735267,0.007483727239304664
2022-10-06,0.006325167035144332,0.011951230271135562,-0.0020183391544544415,-0.0005248267609581029,-0.00016195691403520865
2022-10-07,-0.009780892883644301,-0.0050244336630683424,0.0023299607330261444,-0.0038594625571332654,0.013975537582627913
2022-10-10,0.0017351496702908572,-0.023939815341558705,-0.00031310811532706597,0.0002329454102267827,0.012248460612844772
2022-10-11,-0.0034430037288155895,0.005810707211008305,0.0009706915110943503,-0.003345508643618024,-0.011203958259431178
2022-10-12,0.006337860176385891,0.015376151499053274,0.00020885988777540865,0.004274868166503964,0.0038540650580045164
2022-10-13,0.005693828471899068,-0.0009607416238058071,0.004167542806907679,0.006227415275248011,-0.0016212921546103053
2022-10-14,-0.005223225845742269,-0.004258057298816245,-0.004319799961539783,-0.0037205568013664123,-0.010293732507485312
2022-10-17,0.002352213597274599,-0.00034745100254510473,-0.0006800096628459976,-0.0013517874065607765,0.00030871087872739496
2022-10-18,0.016188498473558747,0.03202910795431718,-5.7503157804171445e-05,0.005234783834469426,0.007446946033313109
2022-10-19,0.00866643738803428,0.00407119252601515,-0.0006897200254877404,-0.0023709841502090523,0.010682990164720671
2022-10-20,0.013990006391080553,0.017664857173164007,-0.0051687252538916715,-0.00013945585114491656,-0.006959183377312315
2022-10-21,-0.007321902269009708,-0.0012006902739202237,0.0014587917217694316,-0.0016295182431860786,-0.005327080021730203
2022-10-24,0.001778921040570027,-0.002984302177943255,-0.004323300727422031,-0.004471535168038866,0.003310619124446212
2022-10-25,-0.0011664251811718007,-0.012366620188330839,0.002798332423007159,-0.004097370648568854,0.0027277130454316143
2022-10-26,-0.004312547171629878,-0.003877842602003481,0.001813922752078123,0.0027628596238714574,-0.005755442437412537
2022-10-27,0.0038031692046985423,0.005531880563798519,-0.0038693654675149877,0.0009919314476987547,-0.010515153367346243
2022-10-28,0.004606078833723837,0.00924628909659762,0.0007741413234585743,0.0006430341353010716,0.009242833485312827
2022-10-31,-0.013944971266014626,-0.016338313874811362,-0.0007769687598558521,-0.006110339003594803,0.0039128802359491965
2022-11-01,0.005384251592338859,0.004252397644710399,0.0009132944047524417,0.0022922771326630096,-0.0028777168858390104
2022-11-02,-0.001256085639257587,-0.002915684719389299,-0.0011645115612591416,-0.0007894565315879716,0.0003382187136027689
2022-11-03,-0.012011699306917555,-0.024373464300421015,0.00191509708709354,-0.0037329669675940738,0.0036813089958147075
2022-11-04,0.004644402891278189,-0.001884101186821142,-0.002661728973098985,0.000910661233237619,-0.00037122799482072803
2022-11-07,-0.004274887912741753,-0.014541468647837697,-0.0013989395032973028,-0.006183102234154764,0.00949540363198703
2022-11-08,-0.005990143587383331,0.0020053782614017374,-0.0005716415418369554,-0.0043127478435139276,-0.0020421280517754978
2022-11-09,-0.018176550417765752,-0.02104798661723604,0.00083224362782199,-0.002709731188765441,-0.012454153564088796
2022-11-10,0.011246030771410079,0.018856009154721128,0.002552746408383642,0.0057413373698135825,0.008607747845404433
2022-11-11,-0.01377050113696439,-0.008225624984831908,-0.0011249800181552443,-0.008628190780505777,-0.006661240763231454
2022-11-14,0.00027878692736384066,-0.004963686202540055,0.0007113420587213154,-0.0030754083811005187,-0.008420398554702948
2022-11-15,0.009185551523457916,0.014284129768037468,-0.0020994876185895022,0.0001686975878508955,0.004638474486436333
2022-11-16,0.00441874902231724,0.005760838211515822,0.002541420015024091,0.002346575189638493,0.0026886056262338163
2022-11-17,-8.515646361272511e-07,-0.003164806630159627,-0.0013024024387916378,-0.001416461580826787,-5.678643240216699e-05
2022-11-18,-0.014406814837741777,-0.004460067283064362,-0.0027828769018826624,-0.0075674901781769095,-0.004721064950090662
2022-11-21,0.00694510003456894,-0.02521968418262393,0.003944528148170064,0.0013454844797679108,0.02128918940673977
2022-11-22,-0.00235168375446183,-0.0026774586943186206,0.003050372190400473,0.002341690668094474,0.007522561883580585
2022-11-23,0.0004981500178947171,0.00308582385972708,0.00016000765258762227,0.0020749415724719673,-0.00554037963489902
2022-11-24,-0.006515817825493627,-0.010724110483170894,0.0006434222856159368,-0.0017774632331550078,0.005014404522615294
2022-11-25,0.012489278361279499,0.004612626212631126,-0.0026611468845185037,-0.003681390150900703,0.02118467559009887
2022-11-28,0.0032264562879147133,0.007145905768944841,-0.0038095930037558025,-0.0029959815213868083,0.0036249375456414955
2022-11-29,-0.0012447720794794728,0.004228864687608834,0.004264296905762807,0.0026662858662396542,-0.0036264948468766657
2022-11-30,-0.011878042509071911,0.0074704800884656175,0.00567082867889287,0.002457621489443967,0.000816853405423644
2022-12-01,-0.007159868188353111,1.8234275091000545e-05,-0.0006439825142932553,-0.002666553657102032,0.004738486681322849
2022-12-02,-0.0008252796119071114,-0.0016866285416104261,0.00013488992773935682,0.0010723461116170026,0.007871495635425807
2022-12-05,0.005328401056861453,0.010155058363524093,-0.0009129337531372838,-0.0007260304213150344,0.006708088975171651
2022-12-06,0.0012985373839330514,-0.005749297123448582,-0.0007223099431931535,-0.0007657618808944813,-0.0025516785361015303
2022-12-07,0.01123971164571707,0.013131408723653723,0.0027365773996734684,0.005990195245601003,0.0017122687422697507
2022-12-08,-0.02160676575373065,-0.019204248647496754,0.0015990197715030465,-0.013171455059607035,-0.005293751377994335
2022-12-09,-0.0028177787387623984,0.0006000758748198947,0.0013625309194500073,-0.0006417114474827309,0.004387094090603889
2022-12-12,-0.0013282774329513771,-0.018889295728713982,-0.0009947706957181253,2.7289400030033827e-05,-0.011647706951016098
2022-12-13,0.0012526518082977885,0.012843906082961664,-0.0018781330996527153,-0.001254055283065199,-0.01075972874421621
2022-12-14,0.020168667080251987,0.018642052847543847,-0.0009378153338356237,0.01007535668658875,0.004654412067867675
2022-12-15,-0.008402973622532806,-0.012458046302841643,0.0016284111348475446,-0.0024460639925328667,-0.014008768333755665
2022-12-16,-0.0007995637205991559,-0.023658219748653928,0.007606216604027345,0.009897257061865694,-0.010632237711460596
2022-12-19,-0.006827152492083411,-0.024462195915909382,-0.0030500858619048215,-0.0033567814249509183,0.016958749430807146
2022-12-20,0.005343886042508821,0.00544913721762865,-0.0012846645920975808,-0.002035163108331943,0.015571978925082964
2022-12-21,-0.0008013654776604743,0.010672986551532026,0.002589702030593663,5.0706010042083646e-05,-0.001163836903642206
2022-12-22,-0.00349081883415986,-0.004430864685568783,0.00018086930742278442,0.004670045998395325,-0.010593857816128182
2022-12-23,0.0028238301246479233,0.010150362590594628,-0.00014021713498271526,0.0015871973212061201,-0.01324175484270927
2022-12-26,0.0016280298059871733,0.008603929031257352,0.001351267976383056,0.004991741531097827,0.01929582721665938
2022-12-27,0.006855720333629011,0.008415856548540842,-0.003146086850786407,-0.002797068227468781,-0.001437000522306069
2022-12-28,0.0020966585251949335,-0.0011350497687921191,-0.0024270124801092567,-0.005269494509046766,-0.013032120200027083
2022-12-29,-0.0011827193901578514,-0.010089310324035127,-0.0019673501723951234,-0.0040503281336195665,-0.010035426901233586
2022-12-30,0.003502773273824866,0.010420140114312488,-0.0018694720530351937,-0.0019144794688417514,0.006441204552122418
2023-01-02,-0.004555202233498348,-0.01062891422059374,0.0032582707634775856,0.003917243644350232,0.004837322549272401
2023-01-03,0.006475693064717504,-0.006151487311366921,0.002938802660001624,0.005739698507736046,0.010874987141312631
2023-01-04,0.0031679754918183213,0.003974666047368439,-0.0009597428413788305,0.0011703938328703313,-0.004007534209177134
2023-01-05,0.010835913922882976,-0.006992818332732843,-0.003209625175308727,0.008624681585262008,-0.016291414668570595
2023-01-06,-0.0010989918305580287,-0.005660936712839762,0.0008131155596619009,-0.0013862934844932698,0.0006002019690440698
2023-01-09,0.0056395056047612415,0.0018258237222055684,0.0014425822710792974,0.0055538258021809155,0.008475980166267476
2023-01-10,0.0009825124792480855,0.01642082384440917,0.001959095156252634,0.004484698538540349,-0.006750483846495705
2023-01-11,-0.00023003612484386716,0.00649724444322098,0.0030363462184849316,0.006915125579638985,0.003385576276026466
2023-01-12,-0.007944440534996964,-0.005717368370556667,-0.0023745529484286965,-0.010271429926434308,0.003052642707918028
2023-01-13,0.0029841250433624163,0.007612037610874539,0.0007896687171845397,0.0040778023155950026,-0.006644826167349998
2023-01-16,-0.0001921580800270219,-0.005979945798731626,-0.002910689148815296,-0.003249869389360808,-0.005198502337238287
2023-01-17,0.003440951903118774,0.007547731321487872,-0.0010718884829950326,0.0014024523667249768,-0.0038353636243979713
2023-01-18,-0.010049212496200206,-0.010112481562982353,-0.00015767938731064707,-0.005796266003755962,0.012643145652932598
2023-01-19,-0.008605324476290853,-0.006741563800466168,-0.0013193437254751137,-0.003051357919955384,-0.0008570363159826009
2023-01-20,0.0025706864693383446,-0.002441071480142381,-0.0016548453402729394,0.0007060633233067042,0.010238310597007801
2023-01-23,0.0029136361918373982,-0.0013983257309750272,0.0004848266964747188,0.006946135957064106,-0.0022364988308058394
2023-01-24,0.007276912688308404,0.004004599075836588,-0.0005014811642109701,0.0033375658748055377,0.0020126888916752166
2023-01-25,-0.004348101002783003,-0.007883305591520567,0.0022188756727331356,0.004012222492483912,0.00859823158641079
2023-01-26,0.007202404799637608,0.007205587937386052,-0.0008109885474602003,0.003932833810849071,0.001888983530883165
2023-01-27,-0.0037612763942739256,-0.0067882902985691735,0.000925180602076198,-0.0007698799370383887,0.00042997604373728695
2023-01-30,0.006937890077485293,0.01034056152147457,0.002209977386153591,0.0011901030264918314,0.0056564056906624515
2023-01-31,0.004625123707972873,-0.003572468902448241,-0.001538801317910346,-0.0029179498446994146,0.001789117094285551
2023-02-01,0.012233447354341148,0.023500385795409015,-0.002626824568850207,0.0033814571461709517,0.0022199920685601468
2023-02-02,0.00248229303880079,0.004735953703023797,0.0004298690977344217,0.004821659640059752,0.0037050704025641664
2023-02-03,-0.007580417720282568,-0.002462469318412559,0.0024974328255138243,0.0017347123699141252,0.00684377347155149
2023-02-06,0.0017433649894555672,0.0031620796659348875,0.00024017475703166306,-0.004550838420816036,0.0029851656108818925
2023-02-07,-0.003505900202343124,-0.009164670528397976,0.0027066450762203605,0.0028485432346776226,0.0003227610506813149
2023-02-08,-0.00510204342017701,-0.0026031947781252514,0.0033610200939613536,-0.0003040306835296268,0.0022122287177094
2023-02-09,0.004455342777398914,-0.0037100334376945618,-0.0003429162686873923,-0.00012589909949710826,0.0005772962122819745
2023-02-10,-0.0024421754165286657,-0.0016828615588309294,0.0036201854054041653,0.0026625626327046307,0.002543391598556804
2023-02-13,0.008214962785069151,0.006042777552099407,0.0020503275000116187,0.004705270093285686,0.007080074715554664
2023-02-14,0.004625403055077244,0.005756345619023532,-0.00040383138792261217,-5.077149279200671e-05,0.0012373422707187718
2023-02-15,0.004800145308366598,0.004394045932217855,-0.0008265181373223061,0.0002446972338115111,0.004468346120960958
2023-02-16,0.02019511091618088,0.009647740465297447,-0.004991944850039228,0.0025755354175720723,0.019471807071649735
2023-02-17,0.007228578860094937,0.00046531950926126744,-0.0008825023721879903,-0.0007470247504242548,0.0003989805281476523
2023-02-20,0.009019164310429683,0.001652098068788626,-0.003136109450585015,-0.0020905554794922263,0.002226796397145606
2023-02-21,0.00484331249504687,0.005463094422283389,0.002403962634921178,0.00020406554759536743,0.010639898784801809
2023-02-22,-0.0025485743355285603,0.002368917642910954,-0.0034523735133615745,-0.003282161603276714,0.00024537358962633117
2023-02-23,0.008039069654377123,-0.0008789705388818571,-0.0004175840754319712,-0.0006352458656698719,0.005448104819663872
2023-02-24,0.004603391460940108,0.007673229113937049,-0.0012032320323938715,0.0017025899178725046,0.005009212005212011
2023-02-27,-0.008463187088174649,-0.0038843937361518477,0.002221711897233592,-0.00034744710625021194,-0.00513097690911577
2023-02-28,0.013219372586256944,-0.000820349824298087,-0.0015591256595871102,0.0010633097681049793,0.009475700533333468
2023-03-01,-0.002169973998076745,-0.0027409558086461242,0.0002925856610991213,0.000581252540912507,0.006473317854089963
2023-03-02,-0.013254768162956796,-0.006857558718558814,-0.0019866616211698684,-0.002391180779522063,-0.010375353296859163
2023-03-03,-0.004117234195124632,-0.004495909332952604,0.00014792858417813674,-0.0003734803574328476,0.0021617938339324656
2023-03-06,0.0002072578018351392,-0.0037023198199098613,0.0010995307815323664,0.000722589711951982,0.0058622953289536196
2023-03-07,-0.005200470178787899,-0.010267480963852268,0.0002740035034577514,0.0009241763754891065,-0.0005557350905899794
2023-03-08,-0.000832285983149017,-0.003330786487463047,0.0026778443196324823,0.0008172544508706244,-0.0009242439928495632
2023-03-09,0.007944293574177244,-0.009924169688880248,0.004575436577362564,0.00659778973938914,0.011473694066762153
2023-03-10,0.009194720186353368,0.005191278685562343,-0.005997598533192363,-0.0035985308156345694,-0.0142599744978324
2023-03-13,0.0027853958332575927,0.004773322409742729,0.0026706788637864205,0.003450449781565421,0.004975726644501481
2023-03-14,-0.0013301872287155136,-0.0024844758021766162,0.0010904401760910083,-0.00012066715107127607,0.002249896838570681
2023-03-15,-0.006218349167281346,-0.007947117790893334,0.0019683520188867702,0.0011733364984896231,-0.006451662939579814
2023-03-16,0.003739089515785178,0.001067029543954112,-0.00019061026736808936,0.002672921005201287,0.002706000490789696
2023-03-17,0.0036216664876175765,0.008190511766543973,-0.0012930389147535251,-0.000860611095734289,-0.002454157153442951
2023-03-20,-0.0009008285203730562,-0.00786876305787402,-0.0002113067973168346,-0.0014864436298402223,0.004303128580031233
2023-03-21,0.0025019460275260354,-0.0006533996004296143,0.0012341449417229272,0.0028134129399327366,-0.004853184480880891
2023-03-22,-0.0025968453799930565,-0.011235596036819473,-0.002003683124408236,-0.004158880686413858,0.001340723557308653
2023-03-23,-0.005912428508834843,-0.007746180364621883,-0.0024049855599285177,-0.0036678686832666936,0.0014282243940782267
2023-03-24,0.0029844340713979485,0.0027763370009014827,-0.003990461133684141,-0.004008229865524384,-0.002474647642319552
2023-03-27,-0.0016768243999559433,-0.0011323485793547988,0.0028592615273369164,0.0032465865417402088,-0.0043484970259728825
2023-03-28,0.004522525574236357,0.007159368238193365,-0.0023803708241815057,0.0013157229530605036,-0.002560582688074691
2023-03-29,-0.006280489496740394,-0.003856137218920935,0.0009901423696052306,-0.0013262221820449088,-0.0001549374233954937
2023-03-30,-0.004163176088347211,-0.0006757200045713083,0.00028640105729626136,-0.0004929444954908915,0.0013234513569881472
2023-03-31,-0.006479968204969896,-0.00927957483476072,-0.004330093804763463,-0.004910084614296336,-0.0077806561859480915
2023-04-03,0.0012870207200824557,0.003417986349603768,0.0018733974869966227,-0.0008672418640879259,0.001999465931687809
2023-04-04,0.008033103397568329,0.013143965316130676,0.001263102406230949,0.00445507968044496,-0.0038770264773783135
2023-04-05,0.008708755163357399,0.00648148600621299,0.0019125682570299738,0.001951412609715452,0.0009814565566371477
2023-04-06,0.0009721881069661103,0.0017659977807531115,0.0007941062309793916,0.00027912674320353505,-0.00393608766452213
2023-04-07,0.0057610766221447415,0.011593384488273229,0.00018356109486916694,0.0009082647488204204,-0.0011711700314746888
2023-04-10,0.0032645902536068915,0.009466462036281285,-0.002736251886748493,-0.0013725405237547629,0.00022802260585846513
2023-04-11,0.005360695486643392,0.00342293715328722,-0.0037508602818547092,-0.0007286326281619061,0.004006628955778008
2023-04-12,-0.0006143492306435222,0.0028972790307453936,-0.0017941149096384105,-0.003949895245901567,0.009245540526916977
2023-04-13,0.002900639255802284,0.005471396967961555,0.0038731617335645194,0.002114871425291135,-0.0006861994419462563
2023-04-14,0.000932427335090399,-0.0011051614723997076,0.0014186898628248013,0.0010622765273906143,-0.00296411821458525
2023-04-17,0.0005102291544242096,0.001101073370534171,0.0016281756205315321,0.002023345303493122,0.001738271147548869
2023-04-18,0.0018998301363932746,0.0010112672755702927,-0.0016526556647413087,-0.00033467870631683096,-0.0019588356734393155
2023-04-19,0.007377702759892845,0.01131210917662449,0.0005476311144344281,0.0034701775874512197,-0.00027178304757295236
2023-04-20,-0.009044070467746843,-0.009677515017935144,0.0010756627867481293,-0.0013302834377129217,0.0023008732072571504
2023-04-21,0.005062440499833761,0.001757840432743332,-0.0016094180034764885,0.0020587397292014457,0.0017671428765824474
2023-04-24,-0.0013114533965207075,-0.001431391099547371,7.042861372622607e-06,-0.00032275520512218327,0.0013743388332727049
2023-04-25,0.012498062792821223,0.011842073791504142,0.00028970342411453184,0.0014492180147390361,0.000519709514469091
2023-04-26,0.00529934118557048,0.0058023052951545,-0.005955396874400202,-0.00316265664671145,0.0035904927766907705
2023-04-27,-0.007844746235141645,-0.0019675889399920115,-0.0036174779306555258,-0.0034472536558946736,-0.001967341176405672
2023-04-28,-0.012963895706005183,-0.008595922211458624,0.0035726570595549945,7.78369992920943e-06,0.0018439062876683932
2023-05-01,-0.0127460383634962,-0.04867143056205823,0.008884813433203492,0.014448188210874015,0.016346671304490183
2023-05-02,-0.010894564866317506,-0.02523106789660869,-0.0010208911961995127,-0.008287966223076815,0.0014021906946281833
2023-05-03,0.004968787454589091,-0.014375368298154933,0.003403893471787094,0.006792393050290885,-0.004116956153444008
2023-05-04,-0.0036983834211497557,-0.06089568823771948,-0.002728937173448356,-0.006764080128638293,0.0038569887088197993
2023-05-05,0.006077922612872358,0.019066834710506755,-0.002131328701497983,0.00210066507349197,0.010076428056852089
2023-05-08,-0.0002685480940558942,0.002271148566981158,-0.00032086902572677156,-0.0016899010160458386,0.0026858339495223196
2023-05-09,-0.0031491534729363863,-0.0023456631377014956,0.0003895671066086435,-0.001376405908077183,-0.0013615728335150028
2023-05-10,-0.0030361881679899024,-0.02442299818431824,0.0012922181822004489,0.00014066576096155654,0.004629684617129864
2023-05-11,-0.002766421648438871,0.013314023795184224,-0.0005680476463155086,-0.0028589735950670303,-0.0042238370727880606
2023-05-12,-0.022865708588482678,-0.009936491369769197,0.00904116897574624,0.005350944101864782,-0.011235269196675142
2023-05-15,0.016798749238192367,0.02074229674628257,-0.0022131176450093785,0.006748963814211896,0.00251312927851424
2023-05-16,0.025253949133144594,0.03841537758697529,-0.00332349880199612,0.0022128218501461174,-0.011386079289693969
2023-05-17,-0.0026126974127312404,0.010032636384285892,0.0020283538968474783,0.0016788655747611166,-0.005791410829274433
2023-05-18,0.002441996565060669,0.014487889273944397,0.0011595235142972129,0.0023578376617922545,-0.004677497327773309
2023-05-19,0.007497831753436106,-0.0207088763510551,0.000558725452828455,0.0065014627377837616,-0.009272815395600868
2023-05-22,-0.00165015497177069,-0.0023493856467576577,-0.000920293370274602,0.000832471620422481,0.0008539643765894429
2023-05-23,0.0030269748348402117,0.02130104866894579,-3.862437215030042e-05,0.016470423374616384,-0.007642741757338885
2023-05-24,0.0020933028586634954,-0.01714788153034892,-0.0016123361744182494,0.00166671434919503,-0.00997835230404581
2023-05-25,-0.01819893097022335,-0.025780072233825283,0.004713990951611906,-0.00013017716996930072,-0.0018018625892862084
2023-05-26,-0.026964585348727203,-0.0284572714635324,0.004474645588301153,-0.011257341903458793,0.014469093977803407
2023-05-29,0.014141266999058004,0.03786535102823809,0.0020064356993288483,0.011281284640434722,0.0045080769383995575
2023-05-30,0.020467587459641164,-0.021499363427873095,-0.009600849396142497,-0.014916074781520395,0.00043295032788085336
2023-05-31,0.008103977044546306,0.016652862618461117,0.006308353305645486,0.019132106051113814,-0.011032218961000585
2023-06-01,0.002373291542016127,-0.005213895731551258,-0.0006431348839388224,0.0007297353670254435,-0.017854575763119006
2023-06-02,0.04934175545415303,0.0715463544853143,-0.007095049689199403,0.027092538245131987,-0.011210827252227893
2023-06-05,0.003908550785844464,-0.00907699345538107,0.010743513104023392,0.017653320483234095,0.005567898766391769
2023-06-06,0.017972381845077004,0.029119335235981456,-0.001249885568989735,0.012335502337807044,0.016998824774076764
2023-06-07,0.004473525015191856,0.006689467561505025,0.000435936262393334,0.009600596353229355,-0.00644044445229537
2023-06-08,-0.003814646777404744,-0.02686282742728482,-0.004562162142565054,-0.013500075244532703,0.0001421669844904901
2023-06-09,0.03579001932943555,0.053911274079688605,-0.007413093602404563,-0.0026147965602531286,0.017126485618981755
2023-06-12,0.028832455154793782,0.03448760939858069,-0.004544020005433428,0.013953459327458428,-0.017110699745863527
2023-06-13,0.0065866390082825145,0.04393082489699255,0.0005529386578938288,0.0006768051462030149,0.004588042667893451
2023-06-14,-0.007540623144061581,-0.03420201440951419,0.00336931509295205,0.007718885561392883,-0.003955768119310165
2023-06-15,-0.006287719711262869,-0.02690262520751149,-0.0002840039389594512,-0.007003849938706471,-0.008096153593456987
2023-06-16,0.02208126416948087,0.035279116020624016,0.0005893915371793599,0.012562258548939486,0.004628868916871734
2023-06-19,-0.006323479525567613,-0.0032854890542416103,-0.0006637885090718561,-0.0005613771828208733,0.0015007087146779847
2023-06-20,-0.00886475716020579,-0.04735654039439812,0.0013180274932854841,-0.004442391610319941,-0.022502097091660102
2023-06-21,0.008189252012442168,0.030409663431476112,0.009096663396512055,0.016070949145390683,-0.0017703019391062725
2023-06-22,-0.01237659339349293,-0.015038566269261297,0.0014411798602219296,-0.006047050191039615,-0.00010255251174448669
2023-06-23,-0.02788378720964266,-0.023253891713519888,-0.0014253584497222658,-0.011948377342618987,-0.014996991779934733
2023-06-26,-0.006881756648885612,-0.012696164539235359,0.00036592674158599436,6.61693026799186e-05,0.009877785098999576
2023-06-27,0.008380351642624056,0.022731867606424153,0.003598926889769216,0.011327951921927482,-9.550009997009578e-05
2023-06-28,0.0144361140697159,0.035963167397579376,0.0016186116804574086,0.0010246141159768476,-0.0036649176338114566
2023-06-29,-0.0033899512308588338,0.007591809935674556,0.00015308185856721212,0.004992176483263503,0.00796376640196889
2023-06-30,0.01689088063046511,0.04232803061265625,-0.004369014321377767,0.002341541825162221,-0.007396554767511532
2023-07-03,-0.017517150249558366,-0.028431398587163197,0.004511730183036606,0.002405679284403136,0.01327114291488164
2023-07-04,0.0027829766553762987,0.04642748820909465,0.0005484427064473428,0.0035125036662495314,-0.012574178981439506
2023-07-05,0.012188046721302902,0.011287501476576508,-0.002326333693175483,0.004766261803299705,0.006335127975522334
2023-07-06,0.013092996852284832,0.014017419541567844,-0.0007603913727931846,0.002568468268531135,0.006703060408603336
2023-07-07,0.038920610518999206,0.0678553070206168,0.010061463957636557,0.032979660804620496,-0.0026054842809843607
2023-07-10,0.010846942112229745,0.04172027713799619,0.005850984109587205,0.022053425897018634,-0.0004892392099516385
2023-07-11,-0.0027758857367471486,0.006192313704984205,0.006334300192791759,0.013922459364330472,0.0036088530536031306
2023-07-12,0.0007378187744429163,-0.0030848061816380213,-0.0004397709634208102,-0.00012977371465442518,0.008530909409196494
2023-07-13,-0.004565762836394466,-0.0053385877188376635,-0.004644239605403086,-0.0036332548117256123,0.011743142361553464
2023-07-14,0.019321749657501268,0.0307878740261808,0.0008928859151144791,0.0096687581139857,0.004918750811106103
2023-07-17,0.0049785787736550255,0.008027423655264555,0.00035073748375462853,0.005899570166435012,-0.0030627554092181666
2023-07-18,-0.005703862757358504,0.04353969776040176,0.018917506818174668,0.020446998108722747,-0.010406936832589241
2023-07-19,-0.02565713161312346,-0.043220324363146094,0.013946215986649205,0.011705229753515744,0.0015242692344504278
2023-07-20,0.004846036161340538,-0.0007629261858655449,-0.0014429098534341842,0.00012631502984355867,-0.006964851974995995
2023-07-21,-0.01328376960268816,-0.03615328613860751,0.005641924951329258,0.0002815908364950045,0.004172893481338048
2023-07-24,-0.024177272071031597,-0.062249370353366335,0.006573940476735852,-0.021500646240419478,0.014023169800586661
2023-07-25,-0.04276714078025186,-0.0401263768279488,-0.0052920872232374745,-0.01239108802312643,0.03460013404684712
2023-07-26,-0.02521648297098417,-0.023794190246782695,-0.00514370114983093,-0.012885019105211282,-0.004855336057586273
2023-07-27,0.003046764849091677,-0.017654096954902238,0.005396465066011175,-0.004960442404442797,0.02300512750811524
2023-07-28,-0.005811482292571505,-0.02995491298583247,0.00841478523263735,0.006259149483988687,0.022391480358480518
2023-07-31,0.01860186236542238,0.010278784196900464,-0.0017717620825960373,0.004634226650072105,0.01863749380797394
2023-08-01,0.004288487248894277,0.007038807809775336,-0.000885125381839341,0.0004050524121026737,0.009655702279797406
2023-08-02,0.0002930874522598988,-0.006006924216994711,-0.002853042600442521,-0.006291469630891362,-0.015579148303672128
2023-08-03,-0.01229232596493711,0.011990650735952133,-0.00027098794292339213,0.0010413035746829555,-0.03956096087387601
2023-08-04,0.007450520949027405,0.006785345338880836,-0.0025317464141895274,0.0003756597417844198,-0.007494774380392596
2023-08-07,-0.0248978509332558,-0.01822119990445178,0.0027555649269306796,-0.0059822573569898625,-0.012894219907812369
2023-08-08,-0.010270213289717346,-0.009683104362170313,0.0042531991538091694,0.0021315519039531716,-0.009275371906409879
2023-08-09,0.003354208353654028,0.0029427491881783624,0.0035688559251277267,0.007457027167025021,-0.04066171728845075
2023-08-10,0.011188577197861352,-0.007073916843615369,-0.009752292398138322,-0.009442144057675277,0.00935825426921919
2023-08-11,-0.023326949440215825,-0.015180053208065505,0.005748294647919602,-0.00103212783061819,-0.015744248617214757
2023-08-14,-0.011971905584757067,-0.0006281026684238002,-0.005550343061955301,-0.004179515849767634,-0.009813009501082508
2023-08-15,-0.0008723687717993577,-0.01730782512047637,-0.0004731756136155888,0.0005116993692688447,-0.017824654004341103
2023-08-16,0.011813796628369209,0.013408425582612104,-0.005981334162762442,0.0038539459691608866,-0.06543972774992438
2023-08-17,0.0052710289354737806,0.025320485471909165,0.007156082010898001,0.010577375520170717,-0.007353442037286449
2023-08-18,-0.004382659405659422,-0.006547811452404977,0.001918493560893577,-0.001593038367372705,0.012186227524886437
2023-08-21,0.03364314176098562,0.03406611645141886,-0.010639434200193287,-0.005935897613851906,0.027721570974326416
2023-08-22,-0.000398278475560474,0.007456551618874656,-0.0019535556598442114,0.0010787103170288557,-0.007060320346632314
2023-08-23,-0.01041254885133716,-0.014705299733588237,-0.005449505271749747,0.00041929638108784454,-0.014908848849268644
2023-08-24,0.00840542584528581,0.0023415758351467697,-0.0054687185440363715,-0.003070956670780299,0.019583508637771904
2023-08-25,-0.011002888013138975,-0.02582569671595264,0.0021732286915944247,0.0009055610363139079,0.04816869687208614
2023-08-28,0.004860829003161574,0.01226730174967455,0.0031630705889308802,9.846740192747248e-05,-0.01344383979379879
2023-08-29,-0.011442649489720198,-0.024226293612162088,0.0041232857338272455,0.00048071243594763525,0.002320302254484607
2023-08-30,-0.029790417240195335,-0.009198435489809611,-0.0015256150446000083,-0.001393841861421906,-0.04302828779346934
2023-08-31,-0.011146192414341524,-0.033602375973137553,0.0023174192025145223,-0.004626662060426639,-0.014494363323338751
2023-09-01,-0.014748286972074559,-0.007097325345666826,0.003328821616301074,0.003927425805251508,-0.019140974192335333
2023-09-04,0.0047420692450418495,-0.017609033714289537,-0.0022877051486982357,-0.0037699628621364724,0.019671247393721666
2023-09-05,0.011735550726199185,0.02119366078372731,-0.003527892588595748,0.0025031349971378655,-0.006644781558652587
2023-09-06,-0.00900582446831453,-0.02679908892361425,-0.0041918877850624075,0.0047549695974272435,-0.006482110279313632
2023-09-07,0.0017285545719991345,-0.0002387090502053353,0.006378108954275006,0.007529318001345246,-0.008942398699110898
2023-09-08,-0.0030044639254577874,-0.005555039751665812,0.0008442001389181038,-0.0020713311248372135,0.010851240393316263
2023-09-11,0.012748658554537384,0.0029649248339098096,-0.004083394898942884,-0.001586732686400005,-0.003681150478723091
2023-09-12,0.07558304791358676,0.11067445908708888,0.006809196461304503,0.021187657111056923,-0.0034626747975161757
2023-09-13,-0.025320950988373465,-0.014204248604125435,0.0025419057770490836,0.0029182018224522717,-0.006929879824485831
2023-09-14,-0.0036383378253786584,0.0005099069388645795,0.004460802415759084,-0.0027264500633265563,0.02113513876083223
2023-09-15,-0.0001719520259167277,-0.01947883760168267,-0.0076272913280251734,-0.009222835010401338,0.018233223979562906
2023-09-18,0.02670825973149199,0.03331593398831244,0.0053883007254215635,0.010614182373864559,0.014685412621316207
2023-09-19,-0.008695190986547923,-0.018320008278022822,-0.0023761079280431785,-0.01270637536533989,0.024336272323828886
2023-09-20,-0.0099380501104211,-0.02209319604910765,-0.003457345659229779,-0.007357111928050543,0.020836190570562792
2023-09-21,0.04163184282576477,0.013461211472398524,-0.0032729276992803148,-0.0004036810962879264,0.022715486602889096
2023-09-22,0.004244256269397613,-0.003241282054605504,7.684872147413786e-05,-0.0006737899364867618,0.01884625631650357
2023-09-25,0.011056736770933414,0.020869097716322116,-0.010386355554054769,-0.009569132756784686,0.02768425968122154
2023-09-26,0.025311797509899456,-0.005039587250910152,-0.002546566018171905,-0.0032767186961802754,0.03478902450798117
2023-09-27,0.004879321722762242,-0.006922684689337693,-2.7095636527845146e-05,-0.00959464971883932,-0.006770132349625253
2023-09-28,0.0008764966817555081,0.01229134675105632,-0.007611181543473854,-0.008860557907334378,0.013486974744594264
2023-09-29,-0.037657594139969934,-0.02863610271286885,0.0024117012110635608,0.004632000673600597,-0.017824843598325806
2023-10-02,-0.004136070764558307,0.012406246139313239,-0.007168302889776324,-0.00857545033564579,-0.01317815832662975
2023-10-03,-0.001618825441387976,0.007001194244113782,0.0019143714368501587,-0.00022544620829067954,0.0038290580582338862
2023-10-04,0.02001646466725204,0.008603606134910893,-0.000472996633000491,0.002885155182743192,0.0015335889566705663
2023-10-05,-0.021721397854437555,-0.0038739047203342064,-0.0013461432594795118,-0.0022042059421265438,-0.012444041663996005
2023-10-06,-0.008961941862699786,0.005223088629778092,0.0037073039250893184,0.0031315321448068764,0.008579474872065191
2023-10-09,-0.005250726884258982,-0.003954679938605509,-0.002572207017894516,-2.8119132262125032e-06,-0.015236963706650588
2023-10-10,0.028194915105662962,0.01734473097817194,-0.001192384756430975,0.007183597238378212,-0.0008929253891917426
2023-10-11,-0.004662588234875723,-0.0035015878647902425,0.0033594994078261654,0.0003777211839810693,0.0016298379855358125
2023-10-12,0.000354394969711555,0.006469020310547875,-0.00021176227666761872,0.004221063199702227,-0.005509806378579173
2023-10-13,-0.003073085395091481,-0.003587022972117869,-0.003836382219860949,-0.007405718133301657,-0.0045154144497959745
2023-10-16,0.022813005517728607,0.016023852976941234,-0.0032371320432606435,0.006809863999063557,0.019115513721379138
2023-10-17,0.0313077251035981,0.008897350371736154,-0.0040634787778238415,0.011117074809483018,-0.0026056826120999794
2023-10-18,-0.0030987647249937768,0.003087832118846955,0.0027427635415094966,0.001280638323030633,0.003608874599799649
2023-10-19,0.00964608741508383,-0.0003292929691651644,-0.00033671915107561943,-0.0011697667405071639,-0.004017563945016864
2023-10-20,-0.015185937724991258,-0.002110835675698531,-0.001142997752536261,-0.007750424573222722,0.002181285428192015
2023-10-23,-0.012657701265016065,-0.004860348537774572,0.003165233930296169,0.0010157909427087142,-0.0009202229689132081
2023-10-24,0.004900355428430314,-0.010076860921943986,0.0012298384333289157,0.010032333550480972,-0.005279323483668772
2023-10-25,-0.0018654297798317617,0.006000020791746128,0.006200204112107634,0.012118856033491096,-0.02550508741810618
2023-10-26,0.007072267834845749,0.021299865923958987,0.0015167575706922967,0.0012978728656792423,0.005040087420395714
2023-10-27,-0.023588834670394476,-0.002187461625363247,-0.0030711101264264576,-0.008830876187189116,-0.016616126610918703
2023-10-30,-0.00754086412380431,0.006991823234188441,0.0007264935990902747,-0.0022652405666347946,-0.012195019085761177
2023-10-31,-0.023648582794560762,-0.02329637571208622,0.0014503728416911045,-0.0015732403105079684,-0.008165800757851506
2023-11-01,0.01530938850106873,0.006104965810066783,-0.0010572575547507488,-0.0005232073622260984,0.009582647139481811
2023-11-02,0.031039730729683565,0.005307380325193303,-0.002228105368203453,0.007614554078794969,-0.016784908171047844
2023-11-03,0.010888245874301912,0.017220133056919502,-8.507315758731832e-05,0.005186583336147245,0.020485137795827602
2023-11-06,0.025725644946486173,0.014750325128944251,-0.002105904369907401,-2.51536958273946e-05,0.012270041772034206
2023-11-07,-0.017382596789393814,-0.011251611470840259,0.0008559527853765274,-0.0036321416093519888,0.0033351008830869388
2023-11-08,0.04955702529282066,0.026749991249509067,-0.002941630905959764,0.009347567917715315,0.001166829711328712
2023-11-09,0.03893384517249651,0.02169241345621099,-0.001869629793319988,-0.004166353809112745,-0.016076066453086776
2023-11-10,-0.05141703069177858,-0.02028804684964139,-0.0032843943810659804,-0.006465137142616394,-0.007666341960495124
2023-11-13,-0.003751101525644915,-0.006832563761080369,0.0012179325852336434,-0.0008590564343880281,-0.004663348746440482
2023-11-14,0.02267897234201907,0.012926394465957206,-0.0009498656262536527,0.0035355624832258273,-0.0010053274891287669
2023-11-15,0.009465781058389904,-0.0033557900867595067,0.005247522172067878,0.006042692613145108,0.020348574783850295
2023-11-16,-0.0026642251148194245,0.0038779945444855734,0.001530076771266127,0.00431538908706134,-0.007954844834184108
2023-11-17,0.02731750897311072,0.031031343176532507,-0.0015079183721978743,0.003240300739278851,-0.007520243014849321
2023-11-20,-0.006834267877285774,0.012502225958177056,-0.0023299063027147292,-0.005696614714980397,0.015576183714498145
2023-11-21,0.018084504406106646,0.03795376295802967,-0.0020962671018223676,0.0019774282246820267,-0.012149627230338652
2023-11-22,0.0022428271776836167,-0.012392596223444902,0.001238145337717094,0.0019554009218607366,0.00048751129352175035
2023-11-23,-0.008846371025471951,-0.017616275885118292,0.002552132866972541,-0.0026968039101635754,0.011240822457471641
2023-11-24,0.04624727491210425,0.05103662388475861,-0.005924101461444102,-0.0011734989696203825,0.004876756481249091
2023-11-27,-0.0010099389121455255,-0.016635750871412648,0.0010124428362337924,0.00042199163854351335,0.016482808388374973
2023-11-28,-0.01141379562736771,0.027063157888168297,-0.007754190110770399,-0.013973743608248582,0.017138110439262933
2023-11-29,0.032345730282060774,0.005874645270240734,-0.000975675266245666,-0.003416118129657424,0.004419838259960259
2023-11-30,0.013204024010040468,0.005332241926767846,-0.001000162055001159,-0.001962695423780853,-0.0025075121373472984
2023-12-01,0.0451871171965405,0.03341686453233523,-0.005510715353098508,-0.00019225246208511774,-0.019558482171298183
2023-12-04,-0.011324822418435233,0.0016958115984475176,0.00015055889611019263,0.0019592711649829087,-0.0037448875058797956
2023-12-05,-0.00044395937149122684,0.006943797765474914,-0.007565915190524572,-0.006650234155577774,-0.003983781131589541
2023-12-06,0.05445474172849703,0.05728136397851157,-0.009419491873120049,0.006973877763993573,-0.011784101869197287
2023-12-07,-0.058954804224172604,-0.03387468128281025,-0.00017164460375568223,0.005745923934826392,-0.0029859185676322387
2023-12-08,0.0037511745209152032,0.011183365984712498,0.0026886994393207613,0.004425397100577045,0.007718654932182602
2023-12-11,0.014497257307118646,0.011691950273617876,0.0039750456100047194,0.004809008541849719,0.0018974957892913015
2023-12-12,0.043485413594309776,0.05125889002690467,-0.0013630860340010883,0.0033454866492338,0.013832240504117117
2023-12-13,0.01922471988300538,0.01806266055116903,-0.0015930638369228596,0.0017674879266341883,-0.0008739817913294701
2023-12-14,-0.030707362533337553,-0.01756633928190162,0.0026761708922578144,-0.0027648861679721265,0.01568502577711474
2023-12-15,0.03179180541689951,0.03569333111199955,-0.0017762837011349737,0.0042339166021997075,-0.0010470134932039099
2023-12-18,-0.04042524945145737,-0.014401218139382858,0.001777886598926402,0.00683616995936561,0.008468309273720793
2023-12-19,0.01870850224518276,0.015900735944825193,9.936932278370192e-05,-0.0005810580578621434,-0.012290122308825226
2023-12-20,-0.02452495458956874,-0.01650281420455287,-0.006681032459576823,-0.010307236814074503,-0.0038866065727006195
2023-12-21,-0.004749808341111359,-0.011545258721329638,-0.0009111270429824736,0.0031859394890655455,0.001904421951905415
2023-12-22,-0.01393086724021566,-0.0098631625876179,0.0003430033543973622,-0.0037445617765581277,-0.00521749680196954
2023-12-25,0.02663392942275741,0.011057622855514348,-0.004681135060144027,-0.0016746182749571075,0.0007850279181929433
2023-12-26,-0.060549481813226204,-0.03827075349079659,0.005669551302320818,-0.00021535651892301842,0.02189966608337943
2023-12-27,0.06104756527945757,0.07124066196758014,0.016004233298458508,0.02439967873723735,0.004798110628375253
2023-12-28,0.05807341971304579,0.019496872300531452,-0.0009053755242239996,0.0011169004981818153,0.011464053196737427
2023-12-29,-0.0319718203940287,-0.03748208292468477,0.004234234698914783,-0.0017929433643886366,-0.025111886093769117
2024-01-01,-0.03640633108772698,-0.03890476450302219,-0.002233872426481364,-0.005917569209961913,0.00014217873013840337
2024-01-02,0.04640755377149538,0.048887319115178705,0.005548239097383664,0.015283133857653756,0.002835517713085126
2024-01-03,0.04289291604646946,0.04994659516308062,0.000895436579543125,0.014687921870467599,-0.03034868878046385
2024-01-04,-0.011103779017749152,-0.014964640470419226,0.006550696840188535,0.015204417827278187,-0.024261790737391337
2024-01-05,0.048803206240631024,0.009392998180813517,-0.007219541432907955,-0.0033761958262427316,-0.0035356300294125194
2024-01-08,-0.041625614688753323,-0.0168533706335335,0.00400577839028194,0.0031818489023460387,-0.007470345367863854
2024-01-09,-0.0011231174889383272,-0.0011357985639546154,0.008408875333334927,-0.005179093474910225,-0.0008483437030528631
2024-01-10,0.0003664503628099076,-0.013381932532638578,-0.0009211775262302469,-0.0018936264066821281,-0.005015116041726937
2024-01-11,0.0031138302967353092,0.017567889687004096,-0.0017485770628923303,-0.0037119303037371886,-0.0018790307867668937
2024-01-12,7.766605540468943e-05,-0.02097575221364333,0.0016600808972880344,-0.0006442110810195691,0.012505508809470267
2024-01-15,0.01039200818719481,0.018634092157268255,-0.0031430304805620383,-0.0021318679692337327,-0.008847060387649772
2024-01-16,-0.01699685824377835,0.0068178721229672085,0.006688795798710196,0.0006377371956959273,-0.0010812352476116914
2024-01-17,-0.0023777438549003865,0.010282541966513794,-0.010665725830344246,-0.018280768701395885,0.008843639665331313
2024-01-18,-0.037322387050931924,-0.029872769484712743,0.002353850063026273,-0.003458781123491277,-0.002309754540588694
2024-01-19,-0.008258892199460537,0.006073862286954689,0.00169708626306069,-0.0019180692349064041,0.0014954407597457375
2024-01-22,0.007974707242743509,0.025492036288234994,0.0028831562433404654,0.00985243945071109,-0.006861048052470551
2024-01-23,-0.008363027480997012,-0.008041157858554695,-8.124679787182493e-05,-0.005008017716591018,0.009635887424253396
2024-01-24,0.020452238557495398,0.010024465174670967,0.0021637798977896788,0.007109884001580888,0.0076321683717630465
2024-01-25,-0.031654142630696325,-0.023422000438448318,0.0010519046851545605,-0.0021069934480130816,-0.008169097931519527
2024-01-26,-0.02626829355577929,-0.023979405899585162,0.0009116487897704068,-0.003913913266241471,0.006727482696088928
2024-01-29,0.010575052232499596,0.008009234609807594,-0.0004292625219674988,0.004953139271321393,-0.005606404589752984
2024-01-30,-0.0018128650644512198,-0.01042760671269299,0.0037306683732836817,0.004542546342271027,-0.003226278969704034
2024-01-31,-0.001462192640113593,0.003634093657172498,-0.0005750165472910036,-0.002134515195948673,-0.0033837016440677226
2024-02-01,0.004711753700369863,0.00048472322140923063,-0.0012260967109354913,-0.0039414602603257565,0.002133007801965427
2024-02-02,-0.0025573320953563277,-0.004569730220230452,0.0007133894311501475,0.0024285335309812096,0.003540966939565915
2024-02-05,0.007112736764272942,0.003153040432478136,-0.0015399805871966175,-0.0029875234991859345,-0.00178702557856979
2024-02-06,0.0006201845864303903,-0.008594067466499534,0.0003777712710001481,-0.0035918778198978114,-0.01099749454720936
2024-02-07,0.023373835650051803,0.008065623790736628,-0.005366789337900158,-0.008209337859356517,0.00862496049765281
2024-02-08,0.02894929937956543,0.014022266153492427,-0.002012812851786892,0.007825007253926633,-0.018668911957646923
2024-02-09,0.03381098713110799,0.042677969362255784,-0.009609328889828713,-0.003871636748678182,-0.008766951703123192
2024-02-12,-0.0048679753835331905,-0.00824275377888545,0.003542517221043657,0.001856474874977306,-0.00671000034558371
2024-02-13,-0.002657453944432997,0.0036076530738703557,-0.004138568014318849,-0.008884673782570301,0.017391414182966393
2024-02-14,-0.012845967226940477,-0.010671987821141642,-0.001189503139314751,-0.0014488540823254475,0.017167753147530385
2024-02-15,0.020881064859757263,-0.018694489708068182,-0.011896802811490017,-0.011829167932560669,-0.004386073582585041
2024-02-16,-0.030729846408816788,-0.012337436203909626,-0.003680840188670552,-0.003210333837176925,0.012148820015490946
2024-02-19,-0.006740596063747997,0.002779053737518915,-0.008475370047835346,-0.0044966682195783465,-0.012326616036583417
2024-02-20,-0.01758010884494574,-0.013786855252758632,-0.0011036380092086264,-0.005477002228058869,0.008677143374407371
2024-02-21,-0.010966840732421199,0.007053202717974756,-0.004544133874613331,-0.00027947028298755573,-0.013468827902003013
2024-02-22,0.00022001360212465875,-0.004627205475165929,-0.0016841134896035562,0.0013686339551438006,0.013675431312908156
2024-02-23,0.026618019765735006,0.01208665327784284,-0.0003288832656956141,0.0012120801299701205,-0.009631773871550647
2024-02-26,-0.0173376279642952,-0.013784725020348429,0.0019455930843718474,-0.0071209995831257155,0.003829343487623479
2024-02-27,0.012171721639406883,0.012131799897807445,-0.0017140169428150533,-0.0009671545509940308,0.003433950592808606
2024-02-28,-0.02977170590917967,-0.01028997385609665,0.0008680817609636232,0.000217561915902514,-0.017414566937486747
2024-02-29,0.012749256630332695,0.006567064514191619,-0.0015127182122767885,-0.0023140854642667227,0.0073792464370197345
2024-03-01,0.012886637057581543,0.023570434899972008,0.003584508960047726,0.004174841531118746,-0.008584650988963527
2024-03-04,-0.02761714057743149,-0.00058790163045238,-0.0022108403714841095,-0.00042778218912417073,-0.0008881310578457102
2024-03-05,0.004164949367996818,0.0006707158857169234,0.0014810231931578213,0.0017924015693973174,-0.0014973954021881637
2024-03-06,0.02942832552549077,0.013612540583721244,-0.008095909319993273,0.001653895093820885,-0.005605882010157983
2024-03-07,0.010541715901803634,0.0012604596005950435,-0.006086947004303756,0.0022992831742853397,0.010594913412555116
2024-03-08,0.009153240384332247,0.003132634238954203,-0.001122297422480144,0.0025560415761795804,-0.0032532418592807013
2024-03-11,-0.009735769732515519,0.008653073323208511,0.0003461825573120018,0.0037140241861452978,-0.01564806538719598
2024-03-12,0.014045362914313317,0.03329898032234651,-0.000438956725475281,0.0020774974981910646,-0.01784372608916675
2024-03-13,0.01407062728140688,0.003731677983424455,-0.000891267626876637,-0.0011401314601803929,0.015621049203175325
2024-03-14,0.019097380295050433,0.012310717600835791,-0.0050801048340507315,0.002918573881537093,-0.008692173037223753
2024-03-15,-0.03133763095045778,-0.048298070459113496,-0.002739516605908438,-0.013581764841518603,-0.0054240186558774115
2024-03-18,0.011247895782775841,0.005168259226471751,0.0006611388574963408,0.0005556939710114372,0.0029513618528251976
2024-03-19,0.029060893477375695,0.019394315861439054,1.6141380038634348e-05,0.000758391595254869,0.017477268988836173
2024-03-20,-0.007507249439741981,0.005688453346487216,-3.760075563403353e-05,0.0008835269292323191,0.0039644224828655475
2024-03-21,-0.005871545292083964,0.005379015511301417,-0.0016253768692981142,-0.00035644281460945866,-0.005720252619199628
2024-03-22,0.008262063513806005,-0.0007050809735173892,-5.243937318354501e-05,-0.0030523773928203997,0.007473650095587883
2024-03-25,0.0008161060840819584,-0.003869742608284434,-0.00011762251537222399,0.00016889693361307447,-0.004682452668680676
2024-03-26,-0.0014580170887598352,-0.00958043647933206,0.005969408507783992,0.007692594217450996,0.0027600779384871358
2024-03-27,0.011629633898038136,-0.003907456654195405,-0.005977492899323018,-0.004800898087392621,-0.008087089332270703
2024-03-28,-0.0036821387652102434,-0.000395754887401344,0.003984546470949175,-0.0008171951853753166,0.007705412233690178
2024-03-29,0.00036306533422596926,0.002326223391301014,-0.0011333915994268234,0.0016596687754213376,-0.002742623743526929
2024-04-01,0.016793004326608445,0.0076884885764462235,0.0009655874865525987,0.003819752574037424,-0.0004390114688783078
2024-04-02,0.008162823453961077,0.0035253778508108897,-0.008583382318540202,-0.013611620743538144,0.013181821612706911
2024-04-03,0.014502773443787722,0.023675295436327192,-0.0009080795755902558,-0.00017296395334208203,-0.0010911968645204925
2024-04-04,0.0005864108497399111,-0.02015722430548674,0.014635794031474969,0.030070759989130603,0.0036300576737614953
2024-04-05,0.00011604648016020956,-0.01058608807406127,0.007564092537205769,0.008376264042862753,-0.0002862830494729821
2024-04-08,0.004401490274001606,1.4559214548048307e-05,0.00023500665976104113,-0.004162977897526378,0.008372378837565657
2024-04-09,-0.0009433975534961875,0.00915591419970117,-0.000895080114671167,-0.0012601437939678685,-0.009490597568356933
2024-04-10,0.005794380715502554,0.00019715672562098299,-0.0021062955261904126,-0.00022156649763881587,0.0008800261756821814
2024-04-11,-0.014086709090386288,-0.01352246801042301,0.004393116589904269,-0.0031805190475887443,-0.0005982895751343826
2024-04-12,0.001178735814944514,0.0005284255714298513,-0.002632902804108159,-0.002580473847923626,0.003489347682133038
2024-04-15,-0.012287540049708378,-0.013595426365368361,-0.006038362703292789,-0.007269409971718024,-0.003991594914702243
2024-04-16,-0.0065675836682536634,-0.004899958371234991,-0.0035817393377669204,-0.010091897070955647,-0.007088019447629803
2024-04-17,-0.016240847302569247,0.0019554990457040875,-0.0034625030691580456,-0.006261039189364185,-0.011842448707692823
2024-04-18,0.008276191812199414,-0.0008901488353111112,-0.0004594872910735958,0.002348646640951431,0.017215679346477726
2024-04-19,0.00551838513015599,0.0009485475473723895,0.0018902399518977995,0.011302543943664882,-0.013037118630607795
2024-04-22,-0.006250620334696506,-0.005711958556039567,-0.0007054182456636801,-0.004816207098848747,-0.008390619827542495
2024-04-23,0.014783202173259633,0.0014235783964180175,-0.0019145959580577432,0.00764212994554136,-0.0012606283629832587
2024-04-24,-0.006482631304681508,-0.009956937927691888,-3.474460676770072e-05,-0.005504610122329071,0.0022082428003309972
2024-04-25,-0.008612356209531434,-0.0027936539974620176,0.0009373298762061445,-0.00148884353443556,0.006451623684693941
2024-04-26,-0.004825604510201467,-0.008398909405832166,-0.0017831739431536978,-0.005661407578730731,-0.0007148425476776841
2024-04-29,-0.007628072228459738,-0.01745470137541631,-0.0012335573055298318,-0.004515962169351489,0.0005149847813825969
2024-04-30,0.011827155915266951,0.02276187511427743,0.0017116589799655113,0.013524787017342244,0.003481343746504451
2024-05-01,0.018489674293281244,0.03196704057119536,0.0021055894847276297,0.01578308569991594,-0.002119159691151872
2024-05-02,-4.0278832734504924e-05,-0.0019893009287273106,0.001265474121889693,-0.000281153733363218,0.00039810861942888567
2024-05-03,-0.015033561430246829,-0.005085526082594055,0.000532037259290252,-0.003641977343264748,0.0046766864356234325
2024-05-06,0.0034140532931475347,0.015494102235271577,-0.00367776569977783,0.006784573658540189,0.0019575205253386397
2024-05-07,0.0018801504289941168,0.011302141667487794,-0.002688689087087297,-0.0038498821166594176,0.006368224686922938
2024-05-08,-0.012321652278804754,-0.008782414353720961,0.0018643350197705833,0.003713766204926855,-0.00909556071941759
2024-05-09,0.014097778981206167,0.00929042310673298,-0.001858958134154621,-0.0019546316484105987,-0.004005699976899128
2024-05-10,0.0045066960246273316,-0.0051545935612573365,0.001921833491106223,0.0011928811180274726,-0.005694398865459621
2024-05-13,-0.006015880326710598,-0.0021538400731634256,-0.0005123306433603462,-0.0025866428941931302,0.004687765442788506
2024-05-14,0.008139618959537237,0.005448053510106214,-0.0024755218857700047,-0.0006833757684609014,0.001989015585093261
2024-05-15,-0.02044432554862149,-0.027058103190612644,-0.0016051793846917194,-0.011196031520508574,-0.007292559908112846
2024-05-16,0.007994025524266622,-0.006688021872321048,-0.004514452937420474,-0.006699484828111205,-0.0008553163244676488
2024-05-17,-0.016299477573973407,-0.01979212169904102,-0.00027291661621099244,-0.008080443819983471,0.0011240586818478371
2024-05-20,-0.010831313523282555,0.009834301503223092,0.002576282138182072,-0.0030267882257850303,0.0020803410651294148
2024-05-21,0.0015430604035242667,0.011263269091617945,-0.001565521839837018,0.0015364911289344027,-0.001445433829229285
2024-05-22,0.015774800591176218,0.02485381764123297,-0.00023903870869617733,0.004582500461013119,0.0033456277691061706
2024-05-23,-0.002299915182957907,0.017551025839464333,0.0004160244968340694,-0.0007374832966334662,-0.003162407483388109
2024-05-24,-0.008019394888077857,-0.0046196722758483225,-0.0008726686225202555,-0.001203080850214175,-0.00604609064953856
2024-05-27,0.001226228522383728,0.00891544718432681,-0.003889783748594384,1.5985891000569797e-05,-0.004996286114758869
2024-05-28,0.001527410812408726,0.006093180872441674,0.0016773596031435412,0.0036799448832987953,0.005110049577236868
2024-05-29,0.0038046777161056715,0.014371942583093007,0.0007914404755795048,0.007043555556870279,0.001708617414730967
2024-05-30,-0.011011320104843365,0.0034603851370750113,-0.00029892332740071454,-2.4678632089901047e-05,-0.0022944320164807186
2024-05-31,0.006606447841550649,0.0029217576160321867,0.0006589922394634668,0.002234543592792458,0.006219564192883598
2024-06-03,0.004962388824778442,0.013234960015122657,-0.0060473256793345895,-0.0064940366310599065,0.0010104570551624933
2024-06-04,0.0016790512611953648,0.007065237866829931,-0.0007778046218489957,5.428620330735758e-05,0.004202461683462224
2024-06-05,-0.019181911351760388,-0.014572891288654053,0.00038592608440324153,-0.008018004363634172,0.0019850786624870257
2024-06-06,0.010777714968208394,0.01664500070959367,-0.000831051422715614,0.004935631934539107,0.002984194143019599
2024-06-07,-0.000754466024708426,-0.006973948215982481,-0.0017467071014473663,2.8059900953851383e-05,-0.0015886358135969517
2024-06-10,-0.009037649820671975,-0.020473475021975794,0.0024630058773644123,-0.0017589440641363582,0.0029194925264725328
2024-06-11,0.008651700182273769,0.0008530404099463666,-0.0004925121854400562,0.0011322252368730693,0.0020681242367024916
2024-06-12,0.007183134821040596,0.0006366051239802522,0.0004971125062606129,0.003957945502411026,-0.0005868809737542646
2024-06-13,-0.0009836321812836273,0.0022062259306157832,0.0008840373527973253,0.0025014478165701452,0.0020671090686961583
2024-06-14,-0.010853782236651397,-0.00086874156436285,0.004027207919270915,0.0030285666241992473,-0.00906212162475363
2024-06-17,-0.00035888687418335536,0.0005373532566780885,-0.0015471018145755105,-0.0023251917728964165,-0.004346012531205716
2024-06-18,0.006538081411214972,0.007145163276091242,-0.005063243800976694,-0.002728759327650444,-0.001861853018815458
2024-06-19,0.007983540187297182,0.002522694776424524,-0.004253393518796409,-0.005551865396087961,-0.00346558698615149
2024-06-20,0.00041874752463848367,0.001493896359241784,-0.0005835095817824478,-0.0015823456859469286,-0.0015203259091197763
2024-06-21,0.04830240517111218,0.03001413276938653,-0.006811621785285827,0.025737177982817255,-0.0030360628375303185
2024-06-24,-0.014113580714370204,-0.003665556100980988,-0.00134506934892509,-0.0030910140647154682,-0.0021697982469685104
2024-06-25,-0.01227167531557626,0.016458629574707447,0.003917247233610306,0.013298600556019335,0.0014553070914779444
2024-06-26,-0.0076946792335474004,0.001310084112291559,0.005038311241712852,0.0072900263095031,0.01095574446067667
2024-06-27,0.017128717391171753,0.012782279633382139,0.00040134524766223653,0.0073591548590730815,-0.009378889630558534
2024-06-28,-0.0009188124573340856,0.0010936344353554839,-0.001100086859425057,-0.0005029875174522571,-0.0005944589912894884
2024-07-01,0.006542192714240144,0.007011289939663961,5.6648207183774155e-05,-0.0012316736133606869,0.007428554983520909
2024-07-02,-0.0012719027800344382,-0.0011190416269812114,-0.0007128292754992713,-0.0032881061672550005,0.007817055924836178
2024-07-03,0.026198618587244777,0.02090505322957407,-0.0016258307077470213,0.010044964892494552,-0.0003101797117719031
2024-07-04,-0.0011465367451280821,0.0007623317959712528,-0.0005492869567801969,-0.0005869413553819857,0.0002699395018826808
2024-07-05,0.006959141111041236,0.0006709393204877453,0.0013715942879077075,0.0008666430850604813,-0.0008910729200493011
2024-07-08,-0.004543645762745169,-0.007948625155783411,0.0021282318994493062,-0.0010631840155049576,-0.0011368455744009535
2024-07-09,0.025363250230010417,0.009795076340835,-0.0018426626892634984,-0.002102731460067513,0.010265314134445503
2024-07-10,0.006572327799249337,0.00666355471340102,0.0005560902261390317,0.002895596319369092,-0.001480569347882405
2024-07-11,-0.010997276770450589,0.002847228250886243,0.002485223489099937,-0.000864695342493962,0.0011636858227173984
2024-07-12,-0.006249208115003552,-0.015608853003157447,0.0010435466303302208,-0.0033607548776478442,-0.0072622908380780525
2024-07-15,-0.01571255307896723,-0.018915106508859397,-0.00010743044791717589,-0.005040912361359695,-0.0043444620018315205
2024-07-16,0.006040192197818265,0.0037898160281108753,0.0007813865732881227,0.0022022589980937144,-0.0024990742121329874
2024-07-17,0.0013164374773197095,-0.00599696715399929,0.0009637370242340027,-0.0009964570922261344,0.005686701618131142
2024-07-18,-0.002839239822420364,0.003958118038029683,-0.0018157268820890452,-0.004486849409219316,0.0015519975298295316
2024-07-19,0.010680441832680208,0.016314606611627806,-0.0003150009326575735,0.0072367681036675305,-0.0032921046403188267
2024-07-22,0.01111627097424805,0.0021957219379380517,0.00042382919150185026,-0.0031980279081656737,-0.001824697497372618
2024-07-23,0.008612900390240916,-0.008407474054496603,0.0011975554014236867,0.007491831227383461,-0.004859877979442249
2024-07-24,-0.01015478912300488,-0.01024133180668587,-0.0015737789049734838,-0.005905302693180556,3.491049033551341e-05
2024-07-25,-0.0031722161791433393,0.009584923215931556,-0.0014007047052088156,0.0022225438046170006,-0.008471824712128186
2024-07-26,0.0007187964421690328,0.005704903800365353,0.0015370037419369109,0.002153430335129821,0.0026489555236354875
2024-07-29,0.0031007566557773284,-1.3637901361895433e-06,0.0007981584733849278,0.005670671607077984,0.0006231267677999203
2024-07-30,0.006115902811494418,0.009259558844383724,-0.0034721132579046466,-0.0017981452283942758,-0.00747435446929644
2024-07-31,-0.0038403243279211984,0.007227333296005939,-0.00017798877077669113,-0.0022485118153221513,0.004781742193772987
2024-08-01,-0.007914366130840296,-0.008675730279228392,0.0029972947646571308,0.0017565972015143642,-0.007546566019219627
2024-08-02,0.008764619509391846,0.0026539195885960367,0.005632151846392934,0.006732086699043846,0.014386604894101736
2024-08-05,0.03864290554710963,0.01707894406185428,-0.0034954206571903043,0.009412466608479499,-0.013364069077194934
2024-08-06,0.0030294201467623784,0.0006856768910390046,-0.0005859086378822746,-2.0433968997029845e-07,0.0004069508617878935
2024-08-07,0.0030671628551564825,-0.0032005434337762356,-0.0020342688609487685,-0.0026362448132333798,-0.0002712406705573045
2024-08-08,-0.007029856457459374,-0.001143613253030417,-0.005983946619605732,-0.011421014789739009,-0.003184564141466448
2024-08-09,-0.011812658038645299,0.00484630987046417,0.0007174083552548625,-0.0006178358009692778,-0.005113035392716343
2024-08-12,9.495014562688816e-05,-0.005139553883518238,-0.000324991108666822,-0.0031192859191755094,8.318955185327506e-05
2024-08-13,-0.019656514548740373,-0.0152935809626482,0.0037945619985202857,0.0008173608094103099,0.0053650503434827185
2024-08-14,0.011814427358986556,0.009755135572895254,-0.001401458031514716,-0.0006740198672403701,0.006028003078362258
2024-08-15,0.0016609700840425476,0.02928012734813452,-0.0018833696644759504,0.01076816427049654,-0.00936522389987406
2024-08-16,0.018627596572704543,0.030494342312506556,-0.004181350203522115,-0.00116682802790839,-0.008258277288276886
2024-08-19,-0.018572149805706484,-0.008250888658063253,0.0002365350609280294,-0.0037549793823952087,0.003613118445401746
2024-08-20,-0.017651107303985378,-0.005341939099320653,0.00010289331806820272,-0.002306435082973567,0.0014674743061157771
2024-08-21,0.021401858319850104,0.015192840243659274,-0.00756585833975913,-0.004269099805894124,0.00020410414567953417
2024-08-22,-0.013501853659773298,-0.008402066657562159,-0.0004357665704239578,-0.007009870873459458,0.005394476622396804
2024-08-23,-0.005443061966191744,-0.006308359098095202,-0.0007703122226123832,0.0006824539672512201,-0.001731009526499972
2024-08-26,0.0011846076093859168,-0.0023628644015784212,0.0012790071260527103,0.005087928049555566,0.002279353104139621
2024-08-27,0.007446085907422209,0.009456753230745305,-0.0037091217478391328,-0.004247973697413419,-0.0006673346499195934
2024-08-28,-0.008391253990836123,-0.014073979037058756,-0.005033415223707145,-0.01159768976062271,-0.0006025460202785725
2024-08-29,-0.00033811538495752804,-0.004533273703201856,0.0002476812894760702,-0.0011288512792532713,0.004887742761323975
2024-08-30,-0.0010105676078185875,0.002935446522845028,0.0005330582262456397,-0.0025295835254434233,0.0009176152742433236
2024-09-02,-0.010430053121171136,-0.00849040186721265,-0.001116705227780243,-0.0033096745628556678,-0.006652008807550307
2024-09-03,0.00034629923721146027,0.0031649178996849894,0.0018019835336079751,0.0007941154369152674,0.0011159087896449884
2024-09-04,0.0011537576605816897,0.006121865942590065,-0.0019992110174193315,-0.0029143413434714644,0.007232425776721825
2024-09-05,-0.001785958893286632,-0.010794385620647532,-0.0010405707908160112,-0.008262161690529296,0.0039830660651766795
2024-09-06,0.007511825531190101,0.00031951868090740476,-0.0015553689302597517,0.002653363261791134,-0.009918558531055695
2024-09-09,-0.010135687681711154,-0.009140974287220601,-0.0010137047525161946,-0.005207473649479776,-0.006559187316807524
2024-09-10,0.0015843514092009768,0.0006832598863206152,0.0008930786723309815,0.001975842066417555,0.001047572436281729
2024-09-11,-0.013708224183451898,-0.007347224781449295,-5.361480569636521e-05,-0.004568397041376731,0.00593647607431603
2024-09-12,-0.007224467308442297,0.003892458448237092,0.004188983898138314,0.006375623978984582,-0.007027571266196968
2024-09-13,-0.01701501656537379,-0.006815120409983705,0.0012445645563477158,-0.005065148201180604,0.006077164011760938
2024-09-16,-0.008041806162227183,-0.0076265534316479686,0.0017037480992102706,-0.0033934567679870143,0.00123049971034743
2024-09-17,0.014073024128373668,0.011173037783042463,0.0032560833919525237,0.012400605593734824,-0.000496991570317655
2024-09-18,-0.020988418775416663,-0.019772588019570193,0.0028183275105175152,-0.007853903681028278,0.0004903654009132647
2024-09-19,0.0026654089717765036,0.008253473344166571,-0.000999188477630254,-0.0016150495031194358,-3.31348959754626e-05
2024-09-20,0.0033362172969953305,0.0016020945860393977,0.0020099970923351043,0.001696339248243062,0.002091462630431628
2024-09-23,0.006651774187566832,0.0012072033338747094,0.002577422910587926,0.006037369265419642,0.006555285667451185
2024-09-24,0.0017711175923237933,0.0031571829090812596,-0.0012510986580978119,-0.00267732553649998,0.005469113897239895
2024-09-25,0.006574763970941489,-0.0015796549008622917,0.00016599559591678803,-0.005837228814725883,0.000720843345712127
2024-09-26,0.005169800247282882,0.0033004269150463702,-5.9167933874617216e-05,-0.00359512640258352,0.0012448890157367928
2024-09-27,0.002732398596278815,0.00410126542818526,0.0016612357110164688,0.002967253101917654,2.888144657989288e-05
2024-09-30,-0.013302819822235558,-0.010489786994760018,-0.0025015120318443427,-0.014335343672206149,-0.004743525110126252
2024-10-01,0.010953944344231465,0.006500159422863049,-0.00011415977293620136,0.0023965387354924913,-0.005903017829256222
